"","baseMean","log2FoldChange","lfcSE","pvalue","padj"
"gene1",107.561242875133,-0.0158008947527537,0.0787644881072628,0.180413433864153,0.961967454981089
"gene2",4.34574904877685,-0.00414518841286873,0.0773199345975484,0.351358669802473,0.978574622898939
"gene3",16.9714799616634,-0.00418168530094427,0.0770679176751666,0.581249500921969,0.978574622898939
"gene4",44.2805483504816,-0.0110966880397772,0.0779626759789406,0.208618918163897,0.961967454981089
"gene5",26.231249540312,0.0136734969710629,0.0785958321487959,0.120555353916808,0.961967454981089
"gene6",14.0228805223107,-0.00601559385666933,0.0772470322512719,0.430192416160487,0.978574622898939
"gene7",107.273920619248,-0.00948233052844264,0.0771834411255462,0.426689573048129,0.978574622898939
"gene8",16.1170907725669,0.0091230368407395,0.0777290562762498,0.221360855531453,0.972440787368734
"gene9",237.764089550162,-0.00114310821637161,0.0759454029620858,0.932707096697759,0.988010140059542
"gene10",26.7886176283425,-0.000691541357593148,0.0767169173347277,0.937961437524146,0.989147476079627
"gene11",92.2389941429849,0.0342917828874225,0.0873758686327922,0.0265014595834871,0.961967454981089
"gene12",417.681847681137,-0.00914934883850264,0.0762463733985905,0.569408243213851,0.978574622898939
"gene14",9.57498455147817,0.000834617258100564,0.0771338693055015,0.866217060930766,0.981989534629676
"gene15",9.21224301593536,0.00380126150079052,0.0772115166857411,0.505536135908226,0.978574622898939
"gene16",28.3019746416158,0.0157225212692051,0.0791075331883218,0.0956512999930675,0.961967454981089
"gene17",8.37765502713015,-0.000494374344578718,0.0770241522496553,0.934794132036469,0.989093107815353
"gene20",116.609021537251,-0.00809258924166112,0.0769736292362189,0.491668349056813,0.978574622898939
"gene21",8.12054655982423,0.00549074300106631,0.0773679559721373,0.332224379314924,0.978574622898939
"gene23",16.0557579321977,0.0014324018717446,0.0768588706459588,0.863511206941216,0.981887284269755
"gene24",72.0943175558202,-0.00270088618153636,0.0761365888229075,0.838232069117963,0.978574622898939
"gene25",175.324271009209,-0.00286540804431922,0.0762828860579658,0.818167285758024,0.978574622898939
"gene26",6.5836725119862,-0.00565015634009735,0.077421994580926,0.270445227298714,0.978574622898939
"gene27",13.8764263765433,0.00265469042762635,0.0771426071259855,0.639854706253982,0.978574622898939
"gene28",1.60635133103751,-0.0019184421111586,0.0772819276428984,0.412209800814166,0.978574622898939
"gene29",35.1104637670481,0.000348313200938486,0.0765901144469834,0.975294214683623,0.991032521757301
"gene30",6.3214484972138,0.00909546203435861,0.0779467270917307,0.0592170674416068,0.961967454981089
"gene31",27.4235320997126,0.00645695110411853,0.0771940927746117,0.456931245650678,0.978574622898939
"gene32",35.8980772653842,-0.00394083346361441,0.0768575087502507,0.669572187509168,0.978574622898939
"gene33",76.2021729497076,-0.00288299262288964,0.0764028337147509,0.807091184431905,0.978574622898939
"gene34",9.96948889192884,0.00669146776700716,0.0774815250139338,0.268251235507618,0.978574622898939
"gene35",35.0612132425963,-0.00448268745992904,0.0768738993162961,0.635636852164208,0.978574622898939
"gene37",7.14530531564568,0.00372168152503724,0.0772094784207751,0.509470819438315,0.978574622898939
"gene38",8.91597388543068,0.0100905175652562,0.0781029057748532,0.0566554807753633,0.961967454981089
"gene40",13.5879784993133,-0.00285034740523344,0.0769934546898989,0.700027735721934,0.978574622898939
"gene41",15.7492252199221,0.00257419305433987,0.076935274633057,0.746604646087941,0.978574622898939
"gene42",4.86957564874296,0.000129567542289287,0.0771481801586835,0.979529275683019,0.991032521757301
"gene43",49.8032133896744,0.0109067218908934,0.0778053250464112,0.26487838699009,0.978574622898939
"gene44",6.43627378406587,-0.00183124000076706,0.0771345493154962,0.723428624006188,0.978574622898939
"gene46",26.7750367699774,0.0127403089491478,0.0782478889812702,0.185364452411635,0.961967454981089
"gene47",4.17905279985338,-0.00425425524199894,0.0773433559778001,0.311537598568669,0.978574622898939
"gene48",125.561366036849,-0.00667806378997179,0.0761918287809729,0.652295252675756,0.978574622898939
"gene49",4.03593900193881,-0.00182848274476706,0.0771833535757872,0.679159538784049,0.978574622898939
"gene50",36.8053790337598,0.00277270044774412,0.0766663573682334,0.788147389022003,0.978574622898939
"gene51",40.1975184532834,-0.00334924455647279,0.0768663302833682,0.704095428179823,0.978574622898939
"gene52",7.64723072539788,0.00233575262896523,0.0771468209684853,0.664452477880707,0.978574622898939
"gene53",177.270299391056,-0.00683624645557798,0.0759243734869487,0.666466527581765,0.978574622898939
"gene54",31.4702378806927,-0.0112814772082556,0.077955115959119,0.220465154362998,0.972440787368734
"gene55",20.4420112500759,0.0050033123058987,0.0772975736628365,0.400124092943484,0.978574622898939
"gene56",20.2382344321215,-0.00600992882723608,0.0772850266246991,0.408098454972735,0.978574622898939
"gene57",35.0579353535963,0.0138474888046658,0.0782731434292891,0.223768999603888,0.972440787368734
"gene58",15.2881487170172,0.00343388856120923,0.0771406276554086,0.584800361289488,0.978574622898939
"gene60",28.4901431804315,0.00183130958104951,0.0767601545614617,0.844361983425051,0.978574622898939
"gene61",9.97759260396995,-0.000955327526619911,0.0770219813437052,0.878457080370501,0.981989534629676
"gene62",36.2288907222107,-0.0118831454772095,0.0779030158098417,0.25982055214013,0.978574622898939
"gene63",41.8346016995929,-0.017328933890756,0.0793810771703239,0.117678972477848,0.961967454981089
"gene64",93.78359410763,0.010605664725979,0.0771401731889358,0.431067153494155,0.978574622898939
"gene65",6.50436088771946,-0.00219849764029265,0.0772061809182254,0.60774660684002,0.978574622898939
"gene66",88.5156676678503,0.00822991570006735,0.0767252585792666,0.53953815812643,0.978574622898939
"gene67",27.197691181255,-0.00056808563010478,0.0768509361749808,0.94098066386991,0.989147476079627
"gene68",67.2300885338129,-0.00659287903492827,0.0769828381462524,0.523424375569825,0.978574622898939
"gene69",83.1681686598382,0.00160363584035353,0.0761153348688891,0.906297511362492,0.984737295971643
"gene70",52.2224403929709,-0.019403143236732,0.0802928268489148,0.0549156269153298,0.961967454981089
"gene71",5.17828519933199,0.00153330715754505,0.07715132812426,0.752349969199648,0.978574622898939
"gene72",16.5564612888891,-0.0151870187458827,0.0793274376993252,0.0112810458165304,0.961967454981089
"gene73",43.9087066389538,0.00851739701580722,0.0771147728229477,0.456116309782778,0.978574622898939
"gene74",3.27172316880477,-0.000446540879078896,0.0772110990231329,0.889021279533216,0.982605405059123
"gene75",3.92849106320641,0.00597643271812709,0.0775423257362061,0.114935738359974,0.961967454981089
"gene76",28.7399229546167,-0.0105983161061711,0.0776988357272233,0.289748795097998,0.978574622898939
"gene77",46.2820298597502,0.00478868875390349,0.0768054585005825,0.642610912335927,0.978574622898939
"gene78",36.5344865438514,-0.004529661642738,0.077106268437465,0.545577396058651,0.978574622898939
"gene79",4.0796856016019,0.00572637807142467,0.0775230268232551,0.113165996335768,0.961967454981089
"gene80",3.73390014267996,0.00220332784768148,0.0771994368027607,0.620668769236177,0.978574622898939
"gene81",160.346332651862,0.0295881128236597,0.085003054243348,0.0161623774262143,0.961967454981089
"gene82",19.3806525686841,-0.00665623399525079,0.0773678387404369,0.356585922341934,0.978574622898939
"gene83",14.8529630929035,-0.00916862125169991,0.0776914440325741,0.242801361338805,0.978574622898939
"gene84",11.1405555268705,0.00213504499294897,0.077065802314854,0.736750440530247,0.978574622898939
"gene86",30.2131218315603,-0.0022078521090837,0.0768307924703193,0.796481698547437,0.978574622898939
"gene87",8.91753945541609,0.00484840426179094,0.0772892952971108,0.40646893475388,0.978574622898939
"gene88",7.14692722979754,0.0031188605475503,0.0771614554581777,0.58738129997006,0.978574622898939
"gene89",60.4221815719236,0.00200844075444679,0.0765132240809385,0.857782296941887,0.979634130750757
"gene90",45.0572965532634,0.00584468680891658,0.0768626672475958,0.583683462352163,0.978574622898939
"gene91",103.881669718271,-0.0011828391354123,0.0762221595109446,0.922626081407747,0.986701961318472
"gene92",10.1400859083239,0.000999137407737517,0.077062223150637,0.868291678046169,0.981989534629676
"gene93",31.7789721468198,-0.00305077295377345,0.0767992657371249,0.739846314525936,0.978574622898939
"gene94",99.522738190326,0.00181398982034945,0.076002684755617,0.898584604410115,0.982966378819144
"gene95",3.83822705644211,-0.00192023249219475,0.0772084670358379,0.633757619189476,0.978574622898939
"gene96",3.57302337737941,-0.000689383268587425,0.0771676036146656,0.868176785811946,0.981989534629676
"gene97",1.63174465284206,-0.000664754187236275,0.0772369135676111,0.803249917165368,0.978574622898939
"gene98",3.92979318117356,0.00467516605268585,0.0773892339173394,0.250860885963679,0.978574622898939
"gene99",16.4702869064582,-0.0123298004852071,0.0783582312459167,0.116597191895823,0.961967454981089
"gene100",35.0276496449865,-0.00971697455554708,0.0775421170444969,0.325693028498381,0.978574622898939
"gene101",109.450328357031,0.0190177350142979,0.0794352679178923,0.175903833516105,0.961967454981089
"gene102",79.6571034122842,-0.00936199047399708,0.0775860245534425,0.301433106597296,0.978574622898939
"gene103",6.48544998799459,-0.00207330923538053,0.0771229200566661,0.704646064566161,0.978574622898939
"gene104",182.012239162127,-0.0145203808493178,0.077876310006969,0.313568340958358,0.978574622898939
"gene105",3.72706118232918,-0.00360433086151646,0.0773174301210874,0.335927559631128,0.978574622898939
"gene106",18.6574690205349,-0.00154937262292774,0.0768639460302384,0.846969151979302,0.978574622898939
"gene107",5.64839676494424,-0.00073099218612085,0.0771439832287544,0.872279768563051,0.981989534629676
"gene108",9.83417328438242,-0.0059131417692014,0.0773350524815478,0.369598441374137,0.978574622898939
"gene109",20.8078604562269,-0.00698578322784473,0.0772475573313214,0.424117035322587,0.978574622898939
"gene110",13.7138105298361,-0.00441913486741183,0.0771551468465384,0.52182725426133,0.978574622898939
"gene111",15.2810633530215,0.00192001051666926,0.0770200196099799,0.779123802716189,0.978574622898939
"gene112",14.7005955991429,-0.00954683609696725,0.0778019316953786,0.20103345985232,0.961967454981089
"gene113",8.60051389139201,0.00478080278787049,0.0772919930701288,0.403252473865913,0.978574622898939
"gene114",8.54436356553272,-0.00593130311919822,0.0774325006210913,0.274511710133002,0.978574622898939
"gene116",9.16930285964753,-0.00349106490767698,0.0771899924459525,0.535348931684349,0.978574622898939
"gene117",6.00684334026584,0.00521376100756051,0.0773637758319535,0.32630131913798,0.978574622898939
"gene118",519.217410010509,0.0440492409820795,0.0945885007241503,0.018887620838419,0.961967454981089
"gene119",1.77975544419716,-0.00275670807986412,0.0773289881989736,0.188869555076986,0.961967454981089
"gene120",16.8520390578532,0.00212632437832677,0.0768952997665988,0.794698459590362,0.978574622898939
"gene121",3.57903969697058,0.00309094907135596,0.0772949260224488,0.380911951149787,0.978574622898939
"gene122",5.51742045446106,-0.00133450806911893,0.0771887154017303,0.740721848527511,0.978574622898939
"gene123",19.2086507503114,-0.00251866276722036,0.0769038885698632,0.754805765012387,0.978574622898939
"gene125",21.6114496618371,-0.0137021234708218,0.078701368861087,0.084911998855329,0.961967454981089
"gene126",12.4145087223616,-0.00500316797222846,0.0772795101419118,0.413009440549951,0.978574622898939
"gene127",10.6936707485189,-0.0018748780525566,0.0769970525551804,0.785048623490846,0.978574622898939
"gene129",2.54789610748717,-0.000953881830793681,0.0772349351407632,0.737499682706825,0.978574622898939
"gene130",10.8022365116779,-0.000713029729377833,0.076971183431418,0.915248895371586,0.985148478679673
"gene131",36.3160473890768,0.0161550783704579,0.0790983662767579,0.122038553824155,0.961967454981089
"gene132",11.1941531925046,0.00293734503752263,0.077017807260038,0.688010532441502,0.978574622898939
"gene133",12.7519821392676,-0.00437584312546144,0.0770799442135982,0.566079208595629,0.978574622898939
"gene134",63.7163230139159,-0.0224248800107654,0.0810812729079648,0.0798506242924446,0.961967454981089
"gene135",89.9373292335251,0.0067297137664162,0.0768495957913038,0.557171864748467,0.978574622898939
"gene137",9.60482816387841,0.0110987987656912,0.0782702957008305,0.0576164517738382,0.961967454981089
"gene138",92.8729239512599,0.0151169172025174,0.078104197301369,0.287761540250389,0.978574622898939
"gene139",10.545017221747,0.00114637308676908,0.0770339665762055,0.858366181303677,0.979634130750757
"gene140",12.2638932908764,0.00281482652022174,0.0771403845842222,0.628494711605716,0.978574622898939
"gene141",15.7870589253232,-0.0127436595525633,0.0784944945492936,0.0917138451095797,0.961967454981089
"gene142",5.53379817368854,0.00125132268806255,0.0771677649523837,0.779523678935025,0.978574622898939
"gene143",4.83882151320134,-0.00262224738315456,0.0772126442643151,0.562185839817267,0.978574622898939
"gene144",5.94882673112314,-0.00633055994507942,0.0775037399103035,0.214981577370226,0.972440787368734
"gene145",8.90787103630106,0.0105975912352786,0.0782768954027716,0.0135902158683061,0.961967454981089
"gene146",56.2801404283117,0.00756080051030129,0.0769957201796402,0.500650748421238,0.978574622898939
"gene147",4.00748891886684,-0.00536911395046307,0.077439836761423,0.219201068136847,0.972440787368734
"gene148",10.2556922083096,0.00733826345265744,0.0775341633678605,0.25677518879215,0.978574622898939
"gene149",42.3651638568946,0.00707326909929418,0.076951607680644,0.523350437235425,0.978574622898939
"gene150",3.39849839975824,0.000472868320434507,0.0771906947450049,0.90134705860289,0.982966378819144
"gene151",10.1538793948744,0.00129663356873464,0.0770167443479814,0.845593957191035,0.978574622898939
"gene152",1.93963986912004,-0.00319049360942999,0.0773510959604554,0.149613374088545,0.961967454981089
"gene153",68.1702780170517,-0.0113574900052566,0.077396968430218,0.377059348468116,0.978574622898939
"gene154",8.4168400897702,-0.00299972400139765,0.0771494345010814,0.601716786831511,0.978574622898939
"gene155",8.22031232347553,-0.000517587017247396,0.0770992610390135,0.919210275883897,0.985148478679673
"gene157",16.2214078124,-0.00420373650517418,0.0770884847879261,0.569964536840566,0.978574622898939
"gene158",4.70163081731527,-0.00449688675626164,0.0773553127465635,0.302517312628742,0.978574622898939
"gene159",9.04803275970353,0.00168464829563243,0.0771122881295342,0.760851113439482,0.978574622898939
"gene160",88.3987452846007,-0.00842420298343266,0.0770044726389025,0.479045222756965,0.978574622898939
"gene161",9.09539012775569,-0.00030437752746122,0.077065940413893,0.954820602883103,0.991032521757301
"gene162",1.76709451559512,0.000459442818390123,0.0772231778412462,0.878893515793818,0.981989534629676
"gene163",15.2715764978563,0.00231605658059757,0.0769316535158317,0.76911109329922,0.978574622898939
"gene164",14.0922226551394,0.00633561976620453,0.0773980072969973,0.330252252191448,0.978574622898939
"gene165",49.5086597143904,0.0142118521121504,0.0782837459074154,0.233224544765165,0.978574622898939
"gene166",104.457551280716,-0.00874363432561697,0.077047968083914,0.464758962222972,0.978574622898939
"gene167",2.9374745315521,0.00415456909235757,0.0773893161903136,0.187034168757716,0.961967454981089
"gene168",38.5644575738096,0.0147421173171044,0.0785653836681282,0.184990492564886,0.961967454981089
"gene169",14.3396810460236,-0.00227249269829727,0.0769956895196809,0.747801046992394,0.978574622898939
"gene170",44.8928145967975,0.00610225580432141,0.0769944875329345,0.538847095723659,0.978574622898939
"gene171",12.1948503107119,0.00207815656696759,0.0770494942968528,0.749766117545697,0.978574622898939
"gene172",52.5452715500624,-0.0178507012599557,0.0792707877154816,0.160293126621078,0.961967454981089
"gene173",1.755677506394,-0.000800939994417578,0.0772445068444846,0.748259967491806,0.978574622898939
"gene174",189.119913761336,0.00835234772041507,0.0771083275726745,0.460778434888866,0.978574622898939
"gene175",57.969032647113,0.0101369263305099,0.0775081276130722,0.346392862155452,0.978574622898939
"gene176",15.7380655098892,-0.0119871497237541,0.0782818343042896,0.124721623005132,0.961967454981089
"gene178",38.7462078918216,-0.0136138369499986,0.0783721763944399,0.1804730773553,0.961967454981089
"gene179",30.8839076245455,0.0088376983482436,0.0774180139978701,0.362411987752894,0.978574622898939
"gene180",16.8931645059612,-0.00222886814346302,0.076988715499051,0.75405703708948,0.978574622898939
"gene181",26.2604520134678,-0.00608193444055839,0.0770973209678063,0.499687617194705,0.978574622898939
"gene182",4.72170679042714,0.00401498825314395,0.0773099440821723,0.368687740150913,0.978574622898939
"gene183",30.2541188957893,0.000918901139396084,0.0765946318275332,0.930757951008352,0.988010140059542
"gene184",24.7827981565465,0.0151571990554363,0.0790232947258647,0.083579099158089,0.961967454981089
"gene185",11.3276840462133,-0.00196249999296026,0.076964452410209,0.786635226105661,0.978574622898939
"gene186",1.62806309193899,-0.00117416736446106,0.0772562813327358,0.622281047812891,0.978574622898939
"gene187",41.4277168912263,0.00747151653270973,0.0770019921248784,0.501549205310784,0.978574622898939
"gene188",30.1136506116787,0.00752190930064298,0.0773409236259877,0.38429149514241,0.978574622898939
"gene189",5.5180024501955,-0.00304206927458488,0.0772310784237155,0.509185165905861,0.978574622898939
"gene190",1.60428512687454,-0.00290288444208298,0.0773502225400406,0.108393169786787,0.961967454981089
"gene191",20.677624320777,-0.0074417199627061,0.0773813997111714,0.359935057325294,0.978574622898939
"gene192",8.26990811349653,-0.000171168747653232,0.0770295911563445,0.975435724633428,0.991032521757301
"gene193",22.4572843845079,0.00754056430483295,0.0773106171742081,0.397889255004908,0.978574622898939
"gene196",69.5312420794958,-0.00692156585835363,0.0769632249814708,0.520032780108427,0.978574622898939
"gene197",28.3988322524042,0.0138878275398084,0.0787224565369573,0.0922974451327228,0.961967454981089
"gene198",39.1827421038375,-0.0181558511293202,0.0797442342120037,0.0875124162428413,0.961967454981089
"gene199",168.310784575162,0.0344977411210272,0.087703485377403,0.0201289105746796,0.961967454981089
"gene200",18.4034148212675,0.00448285345715838,0.0770777059690394,0.566813087697569,0.978574622898939
"gene201",1.78128193867857,0.000268152161010274,0.0772433076166102,0.910912211492821,0.985148478679673
"gene202",21.6965178963469,-0.00686808704550672,0.0771947488220959,0.446687510696466,0.978574622898939
"gene203",90.6908481470992,0.0327169640957421,0.0862050525869125,0.0368136217378845,0.961967454981089
"gene204",265.824964519294,-0.0238773995162015,0.0810572332288785,0.132116091289137,0.961967454981089
"gene205",1.62450841144593,-0.00144034766545602,0.0772544672004435,0.586727174511242,0.978574622898939
"gene206",5.19592794908269,0.00706083176153656,0.0776316068543597,0.129654527075392,0.961967454981089
"gene207",5.34109076258197,-0.000204187447378846,0.0771111718825763,0.96539583030574,0.991032521757301
"gene209",4.02177051979223,-0.00631056404945095,0.0775774599272313,0.104725184741271,0.961967454981089
"gene210",18.6341554620882,0.00826259543183606,0.0774279925382002,0.350982572227193,0.978574622898939
"gene211",2.39756207776321,-0.00131022182116956,0.0772446655761608,0.642308837437293,0.978574622898939
"gene212",249.835090852935,0.00701820905034946,0.0766270093194829,0.589924073948542,0.978574622898939
"gene213",9.84641495428917,0.00140313184038508,0.0769923268596096,0.839849323049989,0.978574622898939
"gene214",20.1882164470873,-0.00639991022661484,0.0773282623788012,0.380383777276631,0.978574622898939
"gene215",24.0192949390591,0.000752153493072535,0.076805333698478,0.932579768699883,0.988010140059542
"gene216",16.0930464607209,0.0134738016573553,0.0787075073824663,0.0669000262875809,0.961967454981089
"gene217",14.8562840467485,-0.00200435603401228,0.07711920313604,0.713941697700422,0.978574622898939
"gene218",113.605879580922,-0.020172706274215,0.0799036140384384,0.146777296496624,0.961967454981089
"gene219",10.917405603922,-0.0152698908951257,0.0792726955484197,0.0247366747248583,0.961967454981089
"gene220",2.40635687037246,-0.00302684582850229,0.0773158124779362,0.304373956194159,0.978574622898939
"gene221",23.2398412492607,-0.00259250681974203,0.0768314489595863,0.766468386117208,0.978574622898939
"gene222",6.13075398281684,0.00149488343652626,0.0771270591579605,0.774908757643955,0.978574622898939
"gene223",6.15596457564189,-0.00207475696493921,0.0771302506522623,0.699313498312772,0.978574622898939
"gene225",18.4738955459723,0.00322005700182297,0.0768607268748138,0.71897750061946,0.978574622898939
"gene226",11.8084644839311,-0.00197314199725664,0.0770811697038017,0.740117083117644,0.978574622898939
"gene227",40.2075115075079,-0.0142931594610329,0.0784321357267072,0.197374298804842,0.961967454981089
"gene228",11.1718569013961,-0.00634442144218315,0.0774263901972888,0.301422904201148,0.978574622898939
"gene229",6.63830802856149,0.00126745393942729,0.0770881042005429,0.824278610296211,0.978574622898939
"gene230",90.6817456051725,0.0185949254127033,0.0791951804404574,0.197718338961047,0.961967454981089
"gene231",11.2156958580697,-0.0019282440139374,0.0770918591276189,0.739104546462741,0.978574622898939
"gene232",61.0189750947969,-0.0118237204622549,0.077750321604516,0.301187901008569,0.978574622898939
"gene233",2.1296728158481,0.00261590892363835,0.07729369109469,0.369284715815865,0.978574622898939
"gene234",10.6930795602105,-7.4710519513357e-05,0.0771283396955985,0.984008500153499,0.991032521757301
"gene235",13.7135864807189,0.000692645838433046,0.0769118209350376,0.929259903596674,0.988010140059542
"gene236",7.95109330832433,0.00537795030749382,0.0773494245326778,0.349275190576757,0.978574622898939
"gene237",77.5325762036206,0.0255869749364666,0.0826149701337837,0.0461246290534201,0.961967454981089
"gene238",6.02367351635363,0.00105821336472457,0.0771349650290461,0.830566107662022,0.978574622898939
"gene239",25.5763631666923,-0.00205812921621152,0.0768051546649124,0.813373536402363,0.978574622898939
"gene240",4.99130165609072,-0.00560915140362268,0.077538240724244,0.0631620585565567,0.961967454981089
"gene241",8.85780718735061,0.00902169532733192,0.0778850842428046,0.100858535120642,0.961967454981089
"gene242",50.5118326949986,0.0182450435517108,0.0796056165501472,0.118815780517354,0.961967454981089
"gene243",76.4487968901871,0.00366783398665413,0.076368499343414,0.770806052889555,0.978574622898939
"gene244",80.1192570491703,0.00230642794973851,0.0764581461839449,0.842972688390699,0.978574622898939
"gene246",347.585157808115,0.0184172135143815,0.0792813889040819,0.180556499871516,0.961967454981089
"gene247",73.5981397212431,-0.0179264484481647,0.0794498564800018,0.132325102983709,0.961967454981089
"gene248",16.0132288265727,0.00713265198520275,0.0774539551734894,0.311541041712321,0.978574622898939
"gene249",41.6297415273607,-0.00984911524251428,0.0772866876267225,0.401044799183642,0.978574622898939
"gene250",3.4323079151394,0.000921884926348827,0.0772078986740624,0.794344271595792,0.978574622898939
"gene251",5.67431895950569,0.00382195043023229,0.0772764624269572,0.423593695004279,0.978574622898939
"gene252",24.1151924872564,-0.00271952835090951,0.0769023667783535,0.739474905462596,0.978574622898939
"gene253",2.7351460234568,0.00181231422123965,0.0772367485988983,0.596730899062255,0.978574622898939
"gene254",20.0350731758953,0.00238941553518561,0.076925287543459,0.764926647487803,0.978574622898939
"gene255",82.348450845042,-0.0101152592253728,0.0775825460562852,0.318873875360486,0.978574622898939
"gene256",6.1693196209197,-0.000785339926760746,0.0771679707118091,0.850166935438241,0.978574622898939
"gene257",5.72809140366825,0.00709777871170548,0.0776302153384624,0.136049906690517,0.961967454981089
"gene258",17.2899071081133,0.00990555586431159,0.0779027713360482,0.168297436697142,0.961967454981089
"gene259",5.1444283189875,-0.00116471895096958,0.0771460312968062,0.803646851033137,0.978574622898939
"gene260",14.6479694778818,-0.0110262459798423,0.0780344073314445,0.172083257074012,0.961967454981089
"gene261",39.7739137337532,-0.0168150788234884,0.0792937631610341,0.110476534504506,0.961967454981089
"gene262",65.184135451757,-0.0138617030460703,0.0784061241444368,0.187291887768233,0.961967454981089
"gene263",26.4661857566959,-0.0156383906733984,0.0791679796497442,0.0736630940075474,0.961967454981089
"gene265",9.720013607745,-0.000997047978150927,0.0770219207706954,0.873545427280479,0.981989534629676
"gene266",48.6673780508725,-0.0126267971636809,0.0781483913193603,0.210684072967468,0.964165043284621
"gene267",42.7618662976974,0.0188935933917958,0.080020231941352,0.0757346621158931,0.961967454981089
"gene268",9.261726749498,0.00778346616623986,0.0776651097738464,0.171541243768701,0.961967454981089
"gene270",14.1637562744571,-0.000343216531079232,0.0770487927022616,0.950868375430433,0.991032521757301
"gene271",46.4359188437786,-0.00211011467823224,0.0767852716009775,0.812208388190701,0.978574622898939
"gene272",15.4438928735929,0.0100785816256847,0.0778270801304682,0.219652497393682,0.972440787368734
"gene273",22.7523198883752,0.00387564647772788,0.0768885134714739,0.669603173222395,0.978574622898939
"gene274",26.8293021907525,-0.003420635362523,0.0769328995030756,0.680005063109858,0.978574622898939
"gene275",7.2949536405054,-0.00240949440930199,0.0771090699266703,0.680587846088129,0.978574622898939
"gene276",94.4657264596887,-0.0128177067723226,0.077886094570059,0.287072081556825,0.978574622898939
"gene277",20.5115910607599,0.0125318180129887,0.0783173827032372,0.148270644188546,0.961967454981089
"gene278",1.95497856640108,0.0014428612757305,0.0772467651383124,0.616017007246931,0.978574622898939
"gene279",91.6642468204368,0.00345321976434399,0.0764881684313594,0.769689793647009,0.978574622898939
"gene280",103.108426645848,-0.00314938301481237,0.0765050169329658,0.780088082670873,0.978574622898939
"gene281",49.4254246782769,0.0109308855387906,0.0778257229087,0.258123925671867,0.978574622898939
"gene283",5.70610177898783,0.0057819263328016,0.0774482286758293,0.245649488793171,0.978574622898939
"gene284",43.7001589799177,0.0129199286878805,0.0780346852672902,0.255730468362981,0.978574622898939
"gene285",8.1267898941192,0.00837575707821358,0.0777116419858984,0.180802511244729,0.961967454981089
"gene286",22.2999690106733,0.00445765928731265,0.0770059338589926,0.598874435501536,0.978574622898939
"gene287",455.796109155077,-0.0251209618807995,0.0818327482758606,0.0985351832916517,0.961967454981089
"gene288",4.21597175704855,0.00207691780936699,0.0772382406673166,0.56666600555495,0.978574622898939
"gene290",28.8948742818539,-0.00910064258105288,0.0775021965320862,0.329994878089112,0.978574622898939
"gene291",4.693665009801,0.00297238823735994,0.0772115260153473,0.543904224471801,0.978574622898939
"gene292",36.951591773615,0.000997238167096065,0.0768522351826572,0.905861516553854,0.984737295971643
"gene293",7.05946483873096,-0.000994000553815083,0.0771153555908609,0.844629762895608,0.978574622898939
"gene294",375.225304596471,-0.002734519672026,0.0757905509157094,0.85378020162736,0.978574622898939
"gene295",12.1886886421403,-0.00331502516769028,0.0771607210930308,0.571237687140405,0.978574622898939
"gene296",5.51283937221944,-0.00269854805815717,0.0772297421974193,0.530796789086651,0.978574622898939
"gene297",13.5462114895101,-0.0130077943349902,0.0785998719516402,0.0700021114633565,0.961967454981089
"gene298",57.2144237187422,-0.00356411012174647,0.0767295324114568,0.720965165764687,0.978574622898939
"gene299",19.2709204440595,0.00954295715910345,0.0778260241944758,0.189273237089043,0.961967454981089
"gene300",1.82102450053837,0.00240742119045087,0.0773161147736004,0.209168380953907,0.961967454981089
"gene301",16.156558566876,0.00568951053431219,0.0772935106152722,0.404686954005257,0.978574622898939
"gene302",32.0233583987243,-0.00106837919288735,0.0765062028462729,0.919401217454549,0.985148478679673
"gene303",17.8846695511194,0.00277038991495491,0.0770447639631996,0.689852917728642,0.978574622898939
"gene304",28.9360771636047,-0.00271331738292947,0.0767395217271354,0.775379762191625,0.978574622898939
"gene305",16.1821839138847,0.00310987784292012,0.0770551756272233,0.658393503598985,0.978574622898939
"gene306",13.5742617305118,-0.015106887696854,0.0792821588426025,0.015098498968072,0.961967454981089
"gene307",20.6843830789647,-0.0020123128015253,0.0767688057511324,0.823403821851169,0.978574622898939
"gene308",59.5646385995383,0.0171006635314125,0.0795468144184421,0.0727844577040677,0.961967454981089
"gene309",3.54759814176432,0.00240131383417198,0.0772570712378534,0.496286503974926,0.978574622898939
"gene310",14.3068683801964,0.0112108801272631,0.0781579516238199,0.126484824931571,0.961967454981089
"gene311",9.23824658366504,-0.00081731269809597,0.0770287366996825,0.893758414720085,0.982605405059123
"gene312",8.31489850125073,0.0012045972593548,0.0771486062127958,0.801596717425044,0.978574622898939
"gene313",9.55790622663598,0.00393880123398742,0.0772115910332914,0.500158046263315,0.978574622898939
"gene314",4.87236778964063,-0.00112487766936827,0.0771690388080443,0.792952118377889,0.978574622898939
"gene315",31.9358672688247,-0.0065959228532031,0.0772872923548889,0.409294072887526,0.978574622898939
"gene316",6.48312446743376,-0.0018752612087796,0.0771322352994275,0.719892802123136,0.978574622898939
"gene317",1.93414107912413,7.2603723581496e-05,0.077204283680423,0.984269635163856,0.991032521757301
"gene318",21.3100596047776,-0.00477681040269683,0.0769077288660475,0.611901769214456,0.978574622898939
"gene319",2.90930940282598,0.00188415572921821,0.0772458299382367,0.565725886545152,0.978574622898939
"gene320",64.8910289384584,0.0129267065009935,0.0779474707726434,0.277779200967818,0.978574622898939
"gene321",5.8630183391384,0.00457434744190261,0.0773447879570445,0.328324524044436,0.978574622898939
"gene322",28.6221793364951,-0.00710904750402717,0.077153698564471,0.458992342032591,0.978574622898939
"gene323",10.867048900998,0.0062090855124778,0.0773834820188666,0.338443236534167,0.978574622898939
"gene324",14.138283069597,0.00470674576847812,0.0771598694080046,0.51288293070533,0.978574622898939
"gene325",178.642466738399,-0.0179747706378162,0.0792180217665997,0.173796273245089,0.961967454981089
"gene326",4.20283016395793,-0.00358237025369277,0.0773135983268951,0.345165002758331,0.978574622898939
"gene327",77.5443499181118,-0.00154949805979724,0.0761638980508197,0.903625204967968,0.984135774226545
"gene328",13.8816287856257,0.00200568028175459,0.0769953786210065,0.777933259106283,0.978574622898939
"gene329",3.39468101347847,0.0013023785629193,0.077187124546621,0.752126968409153,0.978574622898939
"gene330",13.6369405071738,0.00169123606225976,0.0769214294005166,0.827823754405955,0.978574622898939
"gene331",38.6197422977878,-0.00239907875208435,0.0767526148143394,0.795686494662553,0.978574622898939
"gene332",13.316468572455,-0.0069091706063331,0.0774391768601378,0.311637046626678,0.978574622898939
"gene333",4.82185685892832,0.000158833849809499,0.0771691841665146,0.972001758734388,0.991032521757301
"gene334",19.349893797632,-0.00189776254002911,0.0769313225313594,0.80032575493955,0.978574622898939
"gene335",52.4825758475902,-0.00257499883613074,0.0767596765776919,0.781309089985183,0.978574622898939
"gene336",5.61965869081333,-0.00221027807551205,0.0772064229323648,0.606481559904071,0.978574622898939
"gene337",1.96338463269768,0.00218749859360888,0.0772776090438196,0.432932270465549,0.978574622898939
"gene339",4.52490822829539,-0.00135203336939139,0.0771550456501944,0.770026584451289,0.978574622898939
"gene340",12.8100975983497,-0.00439000594965308,0.0771876430509441,0.500057347148548,0.978574622898939
"gene341",12.7654834303627,-0.000742778281754074,0.0769117188018628,0.91838113909407,0.985148478679673
"gene342",50.9881535774323,0.0109283339691396,0.0778020042142457,0.266839087888681,0.978574622898939
"gene343",6.76600575301915,-0.00619278159493443,0.0775008528268211,0.206999411181278,0.961967454981089
"gene344",2.10182445820497,0.00123898181137224,0.0772263920778006,0.702914148262465,0.978574622898939
"gene345",39.3204760881763,-0.00710381817322674,0.0769457749037373,0.519825229588828,0.978574622898939
"gene346",25.6077132504168,-0.00792401221773396,0.0772609982940035,0.413557793042179,0.978574622898939
"gene347",76.3587875287024,0.0100059293017166,0.0770900341360876,0.44629431011815,0.978574622898939
"gene348",5.31076323190493,-0.00478859195880497,0.077415860571455,0.204999341610857,0.961967454981089
"gene349",18.3052353432199,-0.00959993874482081,0.0777938790819303,0.209123444411262,0.961967454981089
"gene350",80.0237729245376,0.00495505509327113,0.0765319187132832,0.685191818639785,0.978574622898939
"gene351",34.3369175437122,-0.0124859938760999,0.0781803642033432,0.194322959310942,0.961967454981089
"gene352",8.59624661464685,0.00133827140499701,0.0770348894088715,0.834957042213483,0.978574622898939
"gene353",42.9435246474976,0.000636517483843472,0.0768205705362524,0.942795862868506,0.989147476079627
"gene354",3.69768708472576,-0.00754906019152865,0.0777839745276922,0.0155729927275054,0.961967454981089
"gene355",4.2302129489459,0.00683850448570205,0.0776206057452746,0.114835158818131,0.961967454981089
"gene356",75.3564501245627,-0.0060727428762584,0.0765635664623043,0.628363070089839,0.978574622898939
"gene357",6.93798638582128,-0.00908406604604979,0.0779137187034445,0.0828358044925262,0.961967454981089
"gene358",58.0126856438891,-0.00981824139508925,0.0775855102105196,0.312066416321015,0.978574622898939
"gene359",7.16734906513757,0.00312263734597789,0.0771662394028841,0.582860685314649,0.978574622898939
"gene361",2.70704789866422,-0.00558301982864035,0.0775398873155903,0.0460693721819824,0.961967454981089
"gene362",4.16081442072508,-0.00675422065375338,0.0776296868160349,0.0901560464165388,0.961967454981089
"gene363",13.420547818732,-0.000769744458285755,0.0768823458787926,0.919386831301833,0.985148478679673
"gene364",9.60308032959583,0.00151153880150438,0.0770868543058765,0.794918193237426,0.978574622898939
"gene365",10.5208428990263,0.00381565013979228,0.0771813481848516,0.532020958425094,0.978574622898939
"gene366",14.2992021159827,-0.00232843848418201,0.0770861456753379,0.700488859909452,0.978574622898939
"gene367",181.203663301822,-0.022016919416279,0.0805681805060327,0.125303958415331,0.961967454981089
"gene369",9.32463205432452,-0.00906242352277185,0.0778579666834272,0.124784643089526,0.961967454981089
"gene370",37.3833970414662,-0.0162414115348961,0.0792048545917552,0.100278960156918,0.961967454981089
"gene371",142.492438022719,-0.00297045729627198,0.0760955524764319,0.825931354792,0.978574622898939
"gene372",20.0235617332499,-0.00303412555869951,0.0768881855164112,0.720094147461382,0.978574622898939
"gene373",78.1268098537419,0.0092506662655186,0.0771018603377624,0.450759158329066,0.978574622898939
"gene375",110.977733616576,-0.00126291090098859,0.0761511393721897,0.918490055834829,0.985148478679673
"gene376",6.91744811011833,-0.00103022448798965,0.0771524517717047,0.81959418254163,0.978574622898939
"gene377",9.71611377466844,0.002124718500481,0.0771368185292103,0.694412975451971,0.978574622898939
"gene378",3.39309657935501,-0.00520310125973966,0.0774953873797057,0.0813546453565655,0.961967454981089
"gene379",16.9061266889401,0.00595321988954562,0.0771470969563374,0.48570537906726,0.978574622898939
"gene380",131.909922360257,-0.00603861813900713,0.0761941924273637,0.675353328736412,0.978574622898939
"gene381",444.149540089126,-0.0102963742661079,0.0770009399305386,0.453722502261148,0.978574622898939
"gene382",3.74623759986609,-0.00136062214918205,0.0772103763421845,0.707895402011601,0.978574622898939
"gene383",22.7661205802156,-0.0131848389520371,0.0785008412901165,0.121118441798215,0.961967454981089
"gene384",89.2984252708408,-0.000342995741820682,0.0759291506570808,0.978390881397294,0.991032521757301
"gene385",16.625029832495,0.00458749695748806,0.0772286727960121,0.467299840394325,0.978574622898939
"gene386",14.4616612722301,-0.0063431401755311,0.0773113614527243,0.390439950369848,0.978574622898939
"gene387",14.9382246676584,0.00657163399608251,0.0773537813666433,0.368101711901028,0.978574622898939
"gene388",39.1216296349039,0.00928675762920957,0.0772920449049913,0.403953430492511,0.978574622898939
"gene389",111.224417882871,0.0230490009489209,0.0812206472483355,0.0905866708100751,0.961967454981089
"gene390",31.0197545719111,-0.00645470105853987,0.0771185868982442,0.483115930511656,0.978574622898939
"gene391",22.0629511363486,0.00875704113673144,0.0774485897926581,0.348863281793423,0.978574622898939
"gene392",11.1923693078197,0.0025598222994378,0.0770355751401125,0.711219474313182,0.978574622898939
"gene393",34.5987023417116,-0.0169344987571681,0.0793283699480927,0.109008293790573,0.961967454981089
"gene394",12.9441203510239,0.00183550314462496,0.0770248810169913,0.784565324488935,0.978574622898939
"gene395",12.5848855383493,-0.00299607819440958,0.0770729883461034,0.652499888385344,0.978574622898939
"gene396",65.9938189829869,-0.0135447887219795,0.0782296484459024,0.222581783155405,0.972440787368734
"gene397",29.6935374264748,-0.00705749597150936,0.077095609945677,0.479329804894395,0.978574622898939
"gene398",15.5772368364517,0.00966238567949984,0.0779186266406752,0.139093785222192,0.961967454981089
"gene399",8.84312065412759,0.00260805508967131,0.0771887577624266,0.599279765036278,0.978574622898939
"gene400",39.2089580320652,0.0108154629406202,0.0777998872002501,0.263430633187824,0.978574622898939
"gene401",116.76880796154,0.000860207826249541,0.0766835119124414,0.931553012423002,0.988010140059542
"gene402",5.16977272620085,0.00317740779562322,0.0772773697721328,0.426608725163573,0.978574622898939
"gene403",18.9564318615006,-0.00278627656653502,0.077037333348153,0.686425984085725,0.978574622898939
"gene404",16.9675265359592,0.00192725880817378,0.0768898592631297,0.813315270825544,0.978574622898939
"gene405",7.12821935879186,0.00109207005122081,0.0771403784248065,0.823218587409238,0.978574622898939
"gene406",9.48840371240065,0.00106769967368154,0.0770768086806432,0.85483911252823,0.978574622898939
"gene407",14.3677083749804,0.000128673550065819,0.0769259425310301,0.988655051514408,0.992930316602038
"gene408",51.5214866634783,-0.00478578643744422,0.0769697439457169,0.591625159734357,0.978574622898939
"gene409",126.148474778562,0.0208481736412188,0.079892045545231,0.170071910984832,0.961967454981089
"gene411",5.49296544197431,0.00326344253951719,0.0772488336253192,0.477424920758236,0.978574622898939
"gene412",9.48853726222898,-0.0115018667530602,0.0783406785215263,0.057923046718879,0.961967454981089
"gene413",1.96582719125954,0.00350933559714127,0.0773858527707658,0.0632633234883372,0.961967454981089
"gene414",5.94769210170862,-0.0046169964868776,0.077343976461074,0.328406609323538,0.978574622898939
"gene415",5.3072141036679,-0.00253762449280811,0.07717403438493,0.615837956630196,0.978574622898939
"gene416",8.40697304281308,-0.00923815778228453,0.0779175792362776,0.0963994774391599,0.961967454981089
"gene418",13.1115901276782,0.00248844578379258,0.077060801506978,0.705990536202619,0.978574622898939
"gene419",7.6952360900017,-0.0078445826145768,0.0777150810950607,0.125704911414845,0.961967454981089
"gene420",127.143745718153,-0.0057711398073383,0.07641141798548,0.661158783444185,0.978574622898939
"gene421",55.9462549905225,-0.00708696119491083,0.0767431022340306,0.563360006019538,0.978574622898939
"gene422",1.92813688081211,-0.00105211025356003,0.0772472846661607,0.681901539311209,0.978574622898939
"gene423",13.350411400295,0.0162517450994639,0.0795058617322026,0.0309569394521587,0.961967454981089
"gene424",7.15067925581763,0.00281183862464301,0.0772022034692466,0.56706432194873,0.978574622898939
"gene425",57.2792482053704,0.00379765620497948,0.0767656294144868,0.705038407078862,0.978574622898939
"gene426",8.4194620098797,0.00101926044547385,0.077044257758305,0.870269651247714,0.981989534629676
"gene427",5.67749593840839,0.005764383207663,0.0774456772701743,0.24794693741933,0.978574622898939
"gene428",26.6764892621892,0.012333231069258,0.0783914231554091,0.105623134334935,0.961967454981089
"gene429",15.1486196324541,0.00277624477715434,0.0770442515225021,0.689534897461963,0.978574622898939
"gene430",8.57666998803627,-0.000815083921874069,0.0770458693548692,0.890446533680921,0.982605405059123
"gene431",246.38149209483,-0.00100337707067474,0.0762912405389831,0.931225667030449,0.988010140059542
"gene432",6.78873724128312,-0.00297880622367343,0.0772292863454429,0.515509188328092,0.978574622898939
"gene433",4.00250002977634,-0.00632433796928288,0.0775778525199003,0.10581111039258,0.961967454981089
"gene434",2.92777108484,0.00187864041342158,0.0772484884820199,0.558972555427259,0.978574622898939
"gene435",11.3051305606942,0.00107265766788745,0.0769596769369086,0.882513686981434,0.982605405059123
"gene436",52.0484186069281,-0.0159452124323758,0.07875187618593,0.187748432196291,0.961967454981089
"gene437",1.78532708354322,-0.00167246237144167,0.0772623431305275,0.526390822258371,0.978574622898939
"gene438",9.02355783170157,-0.0110790828653806,0.0783406672513762,0.0229423900028817,0.961967454981089
"gene439",3.59904880011246,0.00121684898999395,0.0772150666864008,0.729417389639839,0.978574622898939
"gene440",108.459213575854,0.0219426674528566,0.0809139933473353,0.0832363385013488,0.961967454981089
"gene441",109.036892770746,-0.00229790362793434,0.0762253893450213,0.855331102038685,0.978574622898939
"gene442",28.5879152878199,-0.00721074164140808,0.0772695683757111,0.41145865297778,0.978574622898939
"gene443",100.711289052715,-0.00820865084640795,0.0767589052542318,0.532587694340051,0.978574622898939
"gene444",7.42916702276597,-0.00527266977568592,0.07735598054288,0.335573035320576,0.978574622898939
"gene445",57.4539475148072,-0.00222451022140281,0.076442454296916,0.844482601509515,0.978574622898939
"gene446",7.74269082351636,0.000709912591528889,0.0771126154186039,0.892842589169774,0.982605405059123
"gene447",27.2961173947431,0.00154550487204163,0.0768898185877893,0.848794952794063,0.978574622898939
"gene448",10.8517593665923,-0.00202305401016247,0.0770145175522751,0.764415286449537,0.978574622898939
"gene449",8.44384402744141,0.00449055364600902,0.0773392740671223,0.335663182048987,0.978574622898939
"gene450",47.6939952162172,-0.00618541539274027,0.0769371091015469,0.548766502461865,0.978574622898939
"gene451",3.69508344975138,-0.0022487491995311,0.0772309033248151,0.562129407492708,0.978574622898939
"gene452",10.0418850654999,0.00090201369225157,0.0770170587831091,0.890995983493842,0.982605405059123
"gene453",20.0324197834349,-0.00369519180435369,0.0769239434936135,0.665478445283768,0.978574622898939
"gene454",3.89970249364747,0.000948703900867576,0.0771583549157756,0.83379536095755,0.978574622898939
"gene455",23.0011065114682,-0.0125002636573131,0.078400006423846,0.11217656572296,0.961967454981089
"gene456",15.7813547273427,-0.000178161211431069,0.0768905131139826,0.979618226536898,0.991032521757301
"gene457",140.920420935071,0.00500837235567837,0.0765710477608759,0.677175289428045,0.978574622898939
"gene458",30.2739778899771,0.0178827960730943,0.0799561967450592,0.0348162415750685,0.961967454981089
"gene459",781.643871522586,0.0358497303214828,0.08761678996338,0.0511953364324104,0.961967454981089
"gene460",2.62079258180062,0.00448251238354606,0.0774253143981571,0.132296532082038,0.961967454981089
"gene461",28.1883781019282,-0.00779026570615033,0.0774358456208319,0.336361116471098,0.978574622898939
"gene462",295.802857817858,0.0291610960219969,0.08434964509078,0.0379583737409463,0.961967454981089
"gene463",30.11805606118,-0.00168169161088135,0.0768092974869776,0.843813431053176,0.978574622898939
"gene464",2.92453053227263,-0.00167845722743942,0.0772422543642102,0.594997657313327,0.978574622898939
"gene465",1.94040052836881,6.85709573728358e-05,0.0772121529448951,0.984717849270328,0.991032521757301
"gene466",13.5176735696097,-0.00304474665550292,0.0770538988048724,0.658825967272135,0.978574622898939
"gene467",103.170663888307,0.026598322854067,0.0834332400346232,0.0199756900754597,0.961967454981089
"gene468",49.961364326052,-0.0148717463979074,0.0785150419391071,0.200026856057203,0.961967454981089
"gene470",7.53203056831267,-0.0121195463373807,0.0785905793742372,0.0104952648064582,0.961967454981089
"gene471",18.8664918440006,-0.0104385021067712,0.0779027609905674,0.200246004402662,0.961967454981089
"gene472",1.79396254877676,0.0011495034928369,0.0772411342500606,0.683568602916364,0.978574622898939
"gene473",34.5722918642095,-0.00978624719036748,0.0774558450804266,0.354895700791565,0.978574622898939
"gene475",32.2103419452874,0.00142232937598017,0.0765618755509373,0.895066172221349,0.982879992900275
"gene476",5.19250213803102,-0.00109797442270494,0.0771631140741103,0.801786667072979,0.978574622898939
"gene477",3.54686144255331,-0.000561276280921284,0.0771822026709377,0.883812818230352,0.982605405059123
"gene478",13.951664157999,-0.00027352099023239,0.0769157798629161,0.96816600841194,0.991032521757301
"gene479",21.3198157270686,-0.00753127618086759,0.0774114596890845,0.34494410962259,0.978574622898939
"gene480",33.9265739428215,-0.00353663794327612,0.0767706855756494,0.714636914464274,0.978574622898939
"gene481",9.87462629493398,-0.00204201241110189,0.0770623906734406,0.742535949926069,0.978574622898939
"gene485",43.8027582355191,0.00819206134091967,0.07710032909253,0.463662881046549,0.978574622898939
"gene486",13.4792620486623,-0.00523133038200788,0.0772763696505896,0.414770674327622,0.978574622898939
"gene487",14.7282520770816,-0.000693527489687394,0.0768389597459504,0.929895319933784,0.988010140059542
"gene488",1.79446617381965,0.00366888222555379,0.0773758294413097,0.134954092283182,0.961967454981089
"gene489",8.38544272321483,-0.0066374279551899,0.0774910130413567,0.252760113167428,0.978574622898939
"gene490",33.4551903669226,-0.00573182667760316,0.0770194810385415,0.537951196774312,0.978574622898939
"gene491",13.4824705677285,0.0112539917203307,0.0781483174478835,0.134296220312763,0.961967454981089
"gene492",9.38346637887758,0.000167122439021956,0.077069465853663,0.979337522951027,0.991032521757301
"gene493",16.2243281815046,-0.00487783519993465,0.0771663971492687,0.49917528530976,0.978574622898939
"gene494",74.0817453799424,0.0114972795666617,0.0775409953357717,0.35053329264748,0.978574622898939
"gene495",6.69847723413628,0.00552672658889309,0.0774458044492378,0.229036850518841,0.978024126316793
"gene496",37.5162238031045,-0.00416464272382271,0.0768313964990645,0.663630425295038,0.978574622898939
"gene497",46.7347084245805,0.0149856165984959,0.0786724916802055,0.169098906650685,0.961967454981089
"gene498",1.94739931169225,0.00336630182231726,0.0773409119702999,0.24039591885868,0.978574622898939
"gene499",19.2524523183853,-0.00534567891442387,0.0770792402250152,0.527952417875937,0.978574622898939
"gene500",16.5534456828526,0.0110505532071259,0.0780578751496659,0.164496284618991,0.961967454981089
"gene501",65.3356504225193,-0.00186779586834784,0.0762822621177016,0.87304475694915,0.981989534629676
"gene502",55.7986493059063,0.00783618638182187,0.0768093775601341,0.535941281955883,0.978574622898939
"gene503",13.7459531014601,0.00202931326729375,0.0769261482098978,0.795689493400586,0.978574622898939
"gene504",14.1407699597309,0.00323468089413987,0.077066279563937,0.643310401216406,0.978574622898939
"gene505",3.7669238531395,0.00495439369953087,0.0774466809212321,0.155411954189886,0.961967454981089
"gene506",11.5984296529194,-0.0092065685670602,0.0778001637285286,0.17855620410999,0.961967454981089
"gene507",6.16666069278236,-0.00138307295129995,0.0771705766709811,0.751902041466356,0.978574622898939
"gene508",2.92213761754428,0.00226520410375124,0.077246287199647,0.530877636919002,0.978574622898939
"gene509",2.94082684409546,0.00644959275240023,0.0776557709038326,0.00886993746605646,0.961967454981089
"gene510",62.8727485096514,0.00213375735223134,0.0765305819402677,0.847804878091322,0.978574622898939
"gene511",67.2464478673108,0.841789397739917,0.785322288163858,0.00392493673067511,0.961967454981089
"gene512",6.596749904211,-0.00398987256695942,0.077265609429532,0.433684014903256,0.978574622898939
"gene514",11.8535987764723,0.00558237354266731,0.0772920234578003,0.405309307567196,0.978574622898939
"gene515",445.512610331198,-0.0119709137395135,0.0776395355407737,0.332229840985159,0.978574622898939
"gene516",344.557448492915,0.0323838988516562,0.0859548273411374,0.0375410633610473,0.961967454981089
"gene517",1.61147908221779,-0.00291240597807122,0.07735073166197,0.107434912018708,0.961967454981089
"gene518",5.16199003226426,-0.00423062976728507,0.0773375688176906,0.322598750323541,0.978574622898939
"gene519",115.614760139042,-0.0325230362780937,0.0858553490100247,0.0469492978573888,0.961967454981089
"gene520",13.2823432695007,-0.00847878586436661,0.0777044380806106,0.19301681896168,0.961967454981089
"gene521",133.522069707804,0.00488301615677468,0.0765093900826379,0.691961286404329,0.978574622898939
"gene522",7.43158284017936,0.00481781220813192,0.0773127042534323,0.380702089822612,0.978574622898939
"gene523",31.6552157577018,0.0042309996705172,0.0767237576597095,0.688467103158801,0.978574622898939
"gene524",23.4759200597465,-0.0121491509147096,0.078196464723382,0.170778216664139,0.961967454981089
"gene525",1404.93861268938,-0.0212178706900795,0.0793851680936385,0.225053572964777,0.972440787368734
"gene526",44.022520958532,0.0154750037480958,0.0787515362821896,0.171291435941082,0.961967454981089
"gene527",1.95444691585527,-0.000509659868341562,0.0772367542704577,0.844021372147132,0.978574622898939
"gene528",3.88256778708062,0.000152343299888965,0.0771392647304242,0.975924228885309,0.991032521757301
"gene529",19.5791811044337,0.000972369907232089,0.0769061414930302,0.901493385095706,0.982966378819144
"gene531",3.39308334423538,0.0018269685624574,0.0772169401295295,0.635656124707195,0.978574622898939
"gene532",2.56631011673851,8.18801234728069e-05,0.0772023922814854,0.982902869363725,0.991032521757301
"gene533",8.09478562947291,-0.00114075486118884,0.077075758127016,0.840314383362074,0.978574622898939
"gene534",68.5557344522323,0.00563308754657986,0.0766254577505751,0.640288679297132,0.978574622898939
"gene535",10.1614346895455,-0.000103645811272229,0.0769912910038291,0.984990559288774,0.991032521757301
"gene536",25.1484425220419,0.00670771717676276,0.0771500306775663,0.47033931105407,0.978574622898939
"gene537",13.9212325369158,-0.000350000707204951,0.0769714100907592,0.956604524533391,0.991032521757301
"gene538",5.64607292229368,0.00112471701088223,0.0771375590780973,0.819643132807866,0.978574622898939
"gene539",113.744043650061,-0.0100922771902284,0.0769074321692185,0.471467946605302,0.978574622898939
"gene540",4.21054161466002,-0.0019159145858611,0.077203136178705,0.64352449723558,0.978574622898939
"gene541",16.1761097460526,0.00346286371202783,0.0770519556171607,0.635402161598782,0.978574622898939
"gene542",11.6482007506342,-0.00573530985319322,0.0773740665898789,0.330856641693556,0.978574622898939
"gene543",41.4617268610445,-0.0175287098545983,0.0793205497939187,0.13829321317883,0.961967454981089
"gene544",147.91816151736,-0.00787435274185734,0.0764816451398812,0.579950995305007,0.978574622898939
"gene545",21.9094715036675,0.0118818677957652,0.078419202813789,0.0567598214693679,0.961967454981089
"gene546",83.5859944101562,-0.00848531194860732,0.0765883569131969,0.549620125699093,0.978574622898939
"gene547",55.7647819779934,-0.0218826522069605,0.0812247517066109,0.0409609879594202,0.961967454981089
"gene548",2.57213993836735,-0.00220634053784807,0.0772523636898628,0.516682410145779,0.978574622898939
"gene549",25.0338156281328,-0.00251792167639225,0.0772552459157337,0.491195561928184,0.978574622898939
"gene550",106.095057288352,-0.00918169329822412,0.0768272481657004,0.495765252088227,0.978574622898939
"gene552",22.3019318021889,-0.00121458988736085,0.0768029677252291,0.885581761110471,0.982605405059123
"gene553",19.148589120528,-0.00176946585433615,0.0770004981784539,0.793942805200211,0.978574622898939
"gene554",57.9733664020395,-0.0131162329995706,0.0779489669672314,0.278733491069991,0.978574622898939
"gene555",43.9720586300461,-0.0132847178102021,0.0783646638130705,0.171967486679561,0.961967454981089
"gene556",14.2153550021703,-0.00709413980687675,0.0773341468215769,0.380572367375073,0.978574622898939
"gene557",103.638261657441,0.0032560586432219,0.0765876099654617,0.768705228919141,0.978574622898939
"gene558",2.44234759400979,0.00337614114938273,0.0773526565017185,0.193358536717432,0.961967454981089
"gene559",61.659465446425,-0.00570311095682057,0.0766042838922055,0.636588207096298,0.978574622898939
"gene560",3.38483571616175,0.00169344141365025,0.0772200079258538,0.647283637996186,0.978574622898939
"gene561",33.2458258599807,0.016293194344274,0.079020608527234,0.146327915949287,0.961967454981089
"gene562",23.1309922378643,0.015014784544909,0.0789539956236822,0.0939805859090645,0.961967454981089
"gene563",51.6134141541512,0.000590390929093616,0.0765041169009808,0.959160671860668,0.991032521757301
"gene564",14.8338798726547,-0.0145198763880368,0.0789968332226255,0.0476214815181152,0.961967454981089
"gene567",33.887467458285,0.00877182216308488,0.0774116619733583,0.364044047936223,0.978574622898939
"gene568",27.2686704886624,-0.0030389859328553,0.0767480235841261,0.750541254377729,0.978574622898939
"gene569",17.9034601990352,0.00277335368664328,0.0770690940267054,0.677873587801299,0.978574622898939
"gene570",12.9501366706151,0.00542929244382307,0.0772640646450759,0.427185933975056,0.978574622898939
"gene571",5.68408070517921,-0.00187149233361092,0.0771850853449982,0.671353289168629,0.978574622898939
"gene572",11.0733726677794,0.0120448392454179,0.0784259459214573,0.0655299235614458,0.961967454981089
"gene573",3.58661050230966,0.00632397617961348,0.0775915371533622,0.0845474656646064,0.961967454981089
"gene575",5.97355738538013,-0.00221215774886175,0.0771644178868014,0.65545062931116,0.978574622898939
"gene576",83.6235262193484,-0.00965436521737773,0.0773185570659391,0.393156823351162,0.978574622898939
"gene577",234.575805551081,0.0107838381825654,0.0764627865228523,0.518927706047497,0.978574622898939
"gene578",11.4942255172119,0.00482074363858132,0.0772216125105273,0.467392489265689,0.978574622898939
"gene579",11.7683305126927,-0.00133895314101515,0.076968852315755,0.847483634931271,0.978574622898939
"gene580",60.5514963745289,0.00344814252162799,0.076577609237199,0.758140944549968,0.978574622898939
"gene581",26.3879395811438,-0.00328126588237554,0.0768634536708435,0.709371256379759,0.978574622898939
"gene582",12.6325824811469,0.00292115899634538,0.0771245688178798,0.631549142997491,0.978574622898939
"gene584",8.06169993750251,-0.00175217683807382,0.077157708714052,0.713967844338879,0.978574622898939
"gene585",26.1518855569488,0.00312213453692192,0.0769386514150397,0.70402549764419,0.978574622898939
"gene586",1.77618878202433,0.000448295271639699,0.0772200636494391,0.884823442314808,0.982605405059123
"gene587",59.9414961098004,-0.0138094057531162,0.078363366306245,0.197095773113836,0.961967454981089
"gene589",7.27751949435501,0.0013707864515465,0.0770657905996347,0.82042060793847,0.978574622898939
"gene590",10.9841589124707,-0.00770268181620845,0.0775412396164925,0.267287119783714,0.978574622898939
"gene591",12.7914767026124,0.0038340413351554,0.0771351510944694,0.565621372618734,0.978574622898939
"gene592",14.2922167465824,0.00962843418257289,0.077810906959297,0.202928242055791,0.961967454981089
"gene593",39.9356678343305,0.00735514469971382,0.0769762355110028,0.510856676995751,0.978574622898939
"gene594",12.2622871297376,-0.00229152224736255,0.0770043390124674,0.743027971200917,0.978574622898939
"gene595",14.2146836974554,-0.00540107501530149,0.0771869977394958,0.473808274513588,0.978574622898939
"gene596",30.0883832844532,0.00542947694584564,0.077117699757026,0.513960231580856,0.978574622898939
"gene597",5.78909945674696,-0.00622313637411346,0.0775102988993588,0.196127262995766,0.961967454981089
"gene598",143.3071498693,-0.00991513048954251,0.0765675659253754,0.521926102537245,0.978574622898939
"gene600",50.2108608895217,0.00867949025414572,0.0772092993003002,0.429523291926177,0.978574622898939
"gene601",6.35822116274393,0.010625259033887,0.0782137779593493,0.0430684210676684,0.961967454981089
"gene602",29.9187439195892,-0.0141793232547779,0.0785233665355239,0.168314553090512,0.961967454981089
"gene603",62.8085878675975,0.0280514631953667,0.0844876624963584,0.00551371028353963,0.961967454981089
"gene604",52.709995835705,0.000447298833681978,0.0764324553121006,0.970875744286775,0.991032521757301
"gene605",7.07539271569129,-0.00394637223303877,0.0772346519916501,0.47166251331463,0.978574622898939
"gene606",176.257536638847,0.0214386197667382,0.0806678759068319,0.0938972727644937,0.961967454981089
"gene608",38.3264445477499,0.0213825370094877,0.080817280940894,0.0703106862511485,0.961967454981089
"gene609",4.85969234156448,0.00176780317786811,0.0771487264965924,0.724417509416993,0.978574622898939
"gene610",1.65664408332795,0.00295335787463055,0.0773528780798798,0.100769614404963,0.961967454981089
"gene612",19.5075476894736,0.0133996948411836,0.078613291974277,0.0956775324911698,0.961967454981089
"gene613",322.780271347726,0.0107027340027379,0.0765760234576744,0.510459130001822,0.978574622898939
"gene614",25.8382641354905,-0.00897459540066344,0.0775439669697325,0.309688682737568,0.978574622898939
"gene615",70.3961138602883,0.00961050584109269,0.0772752605046883,0.40829702455184,0.978574622898939
"gene616",40.1743093242511,0.00483821193988669,0.076635062039437,0.673872032823302,0.978574622898939
"gene617",11.717308994964,0.0056980606812905,0.0773482953216371,0.35845611179024,0.978574622898939
"gene618",68.5356768868933,0.00573714849564122,0.0764206388042295,0.665911977031077,0.978574622898939
"gene619",31.6710679094806,-0.00799808591943249,0.0775027424185103,0.304211093112279,0.978574622898939
"gene620",28.7235097663404,-0.00539545494768736,0.0770332383347749,0.54454134503719,0.978574622898939
"gene621",47.5478988000086,0.0111971407128027,0.0776326069410606,0.324358874006207,0.978574622898939
"gene622",35.0317170859118,0.0133823996689192,0.078338705872816,0.187410910048424,0.961967454981089
"gene623",10.3576774981725,0.00260755447586554,0.0771364867350813,0.64814835618229,0.978574622898939
"gene624",31.4296613425409,-0.00536034809825125,0.0770575058645063,0.536599549566775,0.978574622898939
"gene625",5.17685530351256,0.00121589407364565,0.0771729111970155,0.780652012071219,0.978574622898939
"gene626",40.1776466177962,0.00663921494876779,0.0770610783888482,0.50334220387616,0.978574622898939
"gene627",8.12291929745947,-0.00340268319110612,0.0771993418812761,0.530252201958415,0.978574622898939
"gene628",42.7565174945439,-0.000385710617008603,0.0766024007231311,0.966885232107946,0.991032521757301
"gene629",15.0375053227332,-0.0100589165874654,0.077894938699647,0.180826985710016,0.961967454981089
"gene630",5.66890337414947,-0.00154143097829394,0.0771488880965612,0.748620420024732,0.978574622898939
"gene631",29.2889714220514,0.0100550915418144,0.077776494372136,0.244003081935507,0.978574622898939
"gene632",37.4102464691031,-0.00301215800111215,0.0766886810332093,0.763554788620835,0.978574622898939
"gene633",15.4638524755114,-0.000235613162869504,0.0769634221003701,0.970054936177315,0.991032521757301
"gene634",52.6022804753516,0.00279291407331737,0.0765085488337092,0.806726169875206,0.978574622898939
"gene635",119.027219281761,0.00606403043983171,0.0765371308753547,0.637193464506635,0.978574622898939
"gene636",2.44090304740642,0.00328257579678393,0.0773030926032404,0.36067076688042,0.978574622898939
"gene637",6.31687533118677,0.00428226753456253,0.0772704112203549,0.428315946796586,0.978574622898939
"gene638",20.6558474897578,-0.00377470257691576,0.0770980608994905,0.586726740525787,0.978574622898939
"gene639",1.60279665054445,-0.00262097597580345,0.0772989132075259,0.34505895865861,0.978574622898939
"gene640",4.86156637618431,-0.00121589757878525,0.0771583671008173,0.787296607201319,0.978574622898939
"gene641",43.8020259774597,-0.0131274128424301,0.0781079006235397,0.240308779016739,0.978574622898939
"gene642",5.51623212470546,0.00719653930625092,0.0776572741841291,0.114624974868476,0.961967454981089
"gene644",41.2842457603362,-0.0153556722926703,0.078595399718175,0.198767608433837,0.961967454981089
"gene645",1.80445072346013,0.000351992149366346,0.0772361272127437,0.893273155623711,0.982605405059123
"gene646",3.5503344683289,0.00230055834322631,0.0772563180189252,0.504246973096074,0.978574622898939
"gene648",38.6023791675591,-0.0111226361989478,0.0778146482718754,0.2652573676019,0.978574622898939
"gene649",22.9948854300947,-0.00466301317429155,0.0770960806494963,0.545567266983548,0.978574622898939
"gene650",24.950163875117,-0.00552872064538645,0.0771738748856161,0.476627422185808,0.978574622898939
"gene651",48.7918352259219,-0.00189757639013552,0.07650999011192,0.86058385701514,0.979757847018461
"gene652",10.8853157786012,0.00327294863437538,0.0770855493954406,0.630112524689336,0.978574622898939
"gene653",2.56642422671122,-0.00328250768207859,0.0773063734621295,0.35047877453137,0.978574622898939
"gene654",43.6033392453387,0.0239879843591198,0.0819978581504607,0.0431286849494565,0.961967454981089
"gene655",82.8028289368107,0.010725020739341,0.0774329662767717,0.370781882884908,0.978574622898939
"gene657",8.17414292918139,-0.00161201743994559,0.0771315293953998,0.751768059786996,0.978574622898939
"gene658",8.5829373166054,0.00542273591990598,0.0773581218748656,0.341135947884494,0.978574622898939
"gene659",4.41157591036272,-0.000282786873154,0.0772572796076308,0.873918998686921,0.981989534629676
"gene660",46.0300827377047,-0.00201881785118026,0.076767977789621,0.822268680299325,0.978574622898939
"gene661",3.88282293265033,-0.00209719075295356,0.0772071141541991,0.616968705761118,0.978574622898939
"gene662",93.8038205276924,-0.0214723814241177,0.0806628996631365,0.0938359780709584,0.961967454981089
"gene663",17.0798531337283,0.0115946297589156,0.0782606999295015,0.107412636749091,0.961967454981089
"gene664",45.7183156865625,-0.00355073556017391,0.0765917034637479,0.745129668158482,0.978574622898939
"gene665",201.417274851687,-0.0171525202381452,0.0782962298809739,0.285352838820773,0.978574622898939
"gene666",16.2591013586751,0.00102683027672113,0.0770033238059493,0.879456719926685,0.981989534629676
"gene667",65.8161857801729,-0.0178684279547615,0.0793551765066312,0.146520749634777,0.961967454981089
"gene668",31.8765558010485,0.0147117492973322,0.0789035791419859,0.0900497186550385,0.961967454981089
"gene669",2.42382967319229,-0.00105880339093878,0.0772138495191761,0.755590584912485,0.978574622898939
"gene670",19.2497658490965,-0.00478287990435049,0.0771283879004282,0.524292427733778,0.978574622898939
"gene671",48.9588264371464,0.00149532898232021,0.0764285490842348,0.898482573809604,0.982966378819144
"gene672",30.0408098513396,-0.0116294952728124,0.0779755347955059,0.226924261715083,0.975984440432002
"gene673",10.9289514506421,0.00194721851698289,0.0771183283895666,0.727048754614539,0.978574622898939
"gene674",4.979591243174,-0.0077415679811408,0.0777510554532536,0.0741604528431874,0.961967454981089
"gene675",43.5792507568555,0.000587113414942765,0.0764948524004775,0.959502102159223,0.991032521757301
"gene676",3.89073286299451,0.0033386683445065,0.0772669115448142,0.443844202634862,0.978574622898939
"gene677",4.48319588474832,-0.00938830737123209,0.0780579894303922,0.0177953593357489,0.961967454981089
"gene678",30.8364994878056,0.00633633992410627,0.0771645519846101,0.471767579359534,0.978574622898939
"gene679",2.88880569073446,-0.00548554369649029,0.077512270884403,0.0937489018904792,0.961967454981089
"gene680",23.4426607228977,0.00809020037473398,0.0774966467371462,0.313579337422828,0.978574622898939
"gene681",13.0137616708612,-0.000834584558090394,0.076987425753637,0.898324686046083,0.982966378819144
"gene682",3.05079483689037,-0.00386703910381717,0.0773730128700367,0.195470107724525,0.961967454981089
"gene683",72.8992691089157,-0.00557053175970013,0.0765965851414223,0.643173070659628,0.978574622898939
"gene684",5.83367147495859,0.00158203323151047,0.0771415891062427,0.753684500506841,0.978574622898939
"gene685",131.297064357834,0.0381827822105425,0.0902312462756999,0.017262908238532,0.961967454981089
"gene686",5.38141890068449,-0.000184490940438685,0.0771505685172695,0.96416004838715,0.991032521757301
"gene687",6.4595152785982,-0.00281328869616788,0.0772001495263985,0.564741103167457,0.978574622898939
"gene688",16.9479990233487,-0.000580559960669474,0.0768019155320222,0.943473085076243,0.989147476079627
"gene689",6.17492881705654,0.0088024102715106,0.0779178987173133,0.0493882691518839,0.961967454981089
"gene690",3.72984008810721,0.00288664859065062,0.0772435738760634,0.499925918558536,0.978574622898939
"gene691",1.78251701847576,-0.00142875502711461,0.0772611720815754,0.559024480894244,0.978574622898939
"gene692",2.91046585300745,0.00303296660443996,0.0773127296200966,0.319741859401259,0.978574622898939
"gene693",28.3965865461151,0.00249836325490535,0.0768100523969745,0.783476568396353,0.978574622898939
"gene694",4.70564176617742,0.00132165322514564,0.0771469366417773,0.785480369825837,0.978574622898939
"gene695",2.75700737468797,0.000461237057831996,0.0771960085154424,0.901085039972162,0.982966378819144
"gene696",5.6871973053649,0.00589051343629503,0.0774835544674914,0.204192491997342,0.961967454981089
"gene697",6.18034284714908,-0.000330621551290039,0.0771573392393648,0.936033090896625,0.989147476079627
"gene699",16.8138898890454,-0.00114669988168695,0.0770722199311473,0.839994899206869,0.978574622898939
"gene700",17.7331185672253,-0.00470595557218027,0.0771232173666268,0.529835447804382,0.978574622898939
"gene701",23.4192103147143,-0.0117337839247866,0.0779802245690225,0.229504046864436,0.978024126316793
"gene702",35.2111174758363,-0.00540431703401419,0.0769124013376585,0.583088345588903,0.978574622898939
"gene703",2.92087953466682,0.0018170630297422,0.077208939717049,0.649506779305227,0.978574622898939
"gene704",11.3455951284551,-0.00405625592496262,0.0771906912658149,0.509594971875475,0.978574622898939
"gene705",5.66083878285468,-0.000160696285635801,0.0771082799745343,0.972520270063985,0.991032521757301
"gene706",10.4962702927583,0.00128457063032371,0.076995176902779,0.852096581948824,0.978574622898939
"gene707",3.03283848075781,-0.00440758975242444,0.0773843769703771,0.232356916379327,0.978574622898939
"gene708",3.355361085741,-0.00467183854002279,0.0774127259768864,0.19539874624643,0.961967454981089
"gene709",47.9580492055599,-0.00324721079861183,0.076599615662788,0.762150615465292,0.978574622898939
"gene710",9.08404041564868,-0.000855624381570821,0.0770708877692744,0.878863439727317,0.981989534629676
"gene711",15.9605621267409,-0.00612920048438087,0.0771888019257634,0.459488176204589,0.978574622898939
"gene712",202.582378633568,0.00457767778254331,0.0763644009001133,0.725197659437556,0.978574622898939
"gene713",19.8220338397001,0.00471468247885967,0.0770079908944991,0.58566566159841,0.978574622898939
"gene714",8.25412734223755,0.00779712243909639,0.0776480697182432,0.188278721741196,0.961967454981089
"gene715",57.3720100910731,0.000706558391855762,0.0766347103662834,0.945945731297451,0.989621153575825
"gene716",7.21017568421434,-0.00358264093416228,0.0772353955116381,0.481777051067387,0.978574622898939
"gene717",108.05411911323,0.00417785049939448,0.0762147218194084,0.759569448952226,0.978574622898939
"gene718",10.6794979386612,0.000901269581705559,0.0770378321346219,0.886780590153871,0.982605405059123
"gene719",3.65658376457857,-0.00335844931483667,0.0773255814986588,0.298211676706661,0.978574622898939
"gene721",22.564257105271,-0.00858236835779375,0.0775960123991343,0.270832866753245,0.978574622898939
"gene722",102.505419576345,-0.00467107636747557,0.0761766710945301,0.735666032369949,0.978574622898939
"gene723",12.5785339910183,-0.000998140578335574,0.0769355400089946,0.88935181091019,0.982605405059123
"gene724",14.5672967908501,-0.00584321808736036,0.0772026624543298,0.456928100420521,0.978574622898939
"gene725",20.0538697326702,0.00427342243246905,0.0769285046161082,0.635120467835977,0.978574622898939
"gene726",133.83810857202,0.00135312712467122,0.0763514645011775,0.912406972357284,0.985148478679673
"gene727",31.1315562733379,-0.007285706882861,0.0773336029666355,0.382700861092159,0.978574622898939
"gene728",2.25979583584101,0.00274190591336118,0.0773029950062982,0.33765132192397,0.978574622898939
"gene729",9.82339658880676,-0.0101318193672124,0.0780691594123914,0.0809558831955472,0.961967454981089
"gene730",4.3456888163028,-0.0047430824624712,0.0773816048503308,0.270085023390644,0.978574622898939
"gene731",13.6177600241717,-0.000223854149787631,0.0769801873105121,0.970809002766026,0.991032521757301
"gene732",16.015169842501,-0.00393453626092695,0.0770504137596617,0.602690215742638,0.978574622898939
"gene733",29.3084908339714,0.00698607452172048,0.0772367527061701,0.431974540948862,0.978574622898939
"gene734",4.04397263638055,-0.000947406910976253,0.0771685708178782,0.822645780907253,0.978574622898939
"gene735",12.5244839512697,0.00726084243364068,0.0775826899544154,0.208375071759906,0.961967454981089
"gene736",41.470132607894,0.00660552397214071,0.077256120650247,0.426171283269339,0.978574622898939
"gene737",13.0881334146747,-0.00645191315509054,0.0773071998303855,0.39325820124897,0.978574622898939
"gene738",6.95308360541219,0.00223001122495921,0.0771559121794854,0.667044646304488,0.978574622898939
"gene739",51.812703192204,0.00934450974510762,0.0773080545815984,0.399647036245725,0.978574622898939
"gene740",16.0721237325824,-0.00126137781498634,0.076984681793673,0.851753535049143,0.978574622898939
"gene741",3.90173664440053,0.000810748660357576,0.0771687951493589,0.850725051025182,0.978574622898939
"gene742",176.32385770986,-0.00627546947668185,0.0764891509778052,0.631078771637849,0.978574622898939
"gene743",2.91200443785338,-0.00280061029972722,0.0772805284801005,0.41743291002447,0.978574622898939
"gene746",30.421899568538,0.00796443396755724,0.0772244670185342,0.429651213966533,0.978574622898939
"gene747",3.54770544604114,6.04763931653204e-05,0.0771839910813282,0.9899255933328,0.993132695687009
"gene748",11.3844288075256,0.00936271286696661,0.0777976149287845,0.1932249202358,0.961967454981089
"gene749",19.0778354018837,0.00409741247138894,0.0771563129760335,0.539334752033796,0.978574622898939
"gene750",9.53864898570155,-0.007459677356747,0.0776464012310681,0.157385608335251,0.961967454981089
"gene751",1.79261157573364,0.00281144125807469,0.0773317025508357,0.181059450499705,0.961967454981089
"gene753",8.89883944081542,0.00263370002347818,0.0771573745867379,0.628520554335623,0.978574622898939
"gene754",21.4822755812581,0.014777266428509,0.0790449422044205,0.0526842802276219,0.961967454981089
"gene756",16.6918412313275,-0.0106037865976596,0.0779999649557947,0.161716932560343,0.961967454981089
"gene757",36.3829815975388,0.0134515515352144,0.0784434885838631,0.158345698830551,0.961967454981089
"gene758",71.9425451656915,-0.0190482586577316,0.0798146418447882,0.116728818885009,0.961967454981089
"gene759",20.3134172261653,-0.00391641532698569,0.0770943998615679,0.581136920388997,0.978574622898939
"gene760",16.8203212343436,-0.000817019415877305,0.0768911729794239,0.913485571957868,0.985148478679673
"gene761",35.86493608151,-0.00630032262564965,0.0769162998930099,0.550131154185217,0.978574622898939
"gene762",19.2557573480978,-0.0118659502227865,0.0782017107675792,0.151299221372934,0.961967454981089
"gene763",7.44665259602309,0.000162473753482176,0.0770627661133987,0.980040359744127,0.991032521757301
"gene764",19.9484853289966,0.00854718178410522,0.0774140410097369,0.360323131463327,0.978574622898939
"gene765",44.4875394349915,0.0265266876814652,0.0831974114396016,0.0323905950884463,0.961967454981089
"gene766",4.68297531876246,0.00159083871989966,0.0771923131307191,0.704027882876877,0.978574622898939
"gene767",10.6191252203816,-0.00401721930407483,0.0771754336376123,0.523631887088198,0.978574622898939
"gene768",5.37491932094116,0.00376684395408979,0.077282640271135,0.412560324861637,0.978574622898939
"gene769",3.37945015030761,0.000438921679810121,0.0771881311994752,0.909960804965285,0.985148478679673
"gene770",25.2780257007491,0.00711058890020627,0.0772532870923001,0.423867037968907,0.978574622898939
"gene771",179.989911486865,0.0287592407797445,0.0838340984445955,0.0529332444211561,0.961967454981089
"gene772",4.54693640428227,0.00390284885278731,0.077343842525393,0.291409906405673,0.978574622898939
"gene773",14.7216570351419,-0.00293679790382671,0.0769994885454204,0.690976583211361,0.978574622898939
"gene774",3.14319507450244,0.0040562993369347,0.0774026809652521,0.123075128717965,0.961967454981089
"gene775",48.476891385392,0.0117502660182209,0.0775431165607428,0.351536367925533,0.978574622898939
"gene776",11.490496471647,0.000518304262545185,0.0770008595793948,0.939686113165038,0.989147476079627
"gene777",24.6634702775604,-0.0166140989628299,0.0793616321432238,0.08408560400918,0.961967454981089
"gene778",18.0267182983001,-0.000470636897356599,0.0769511587878497,0.944428214513056,0.989147476079627
"gene779",2.62759919558092,0.0027168055359683,0.0772919053861886,0.380517141129459,0.978574622898939
"gene780",11.4478150191858,-0.00780069816457727,0.0776576932036316,0.178725425970147,0.961967454981089
"gene781",9.87139290902783,0.00149517900515557,0.0769740416358529,0.834851372247506,0.978574622898939
"gene782",57.2350531860513,-0.00968226819037025,0.0773701251033447,0.379230365433292,0.978574622898939
"gene783",3.25672702015409,0.00453173167466893,0.0773776745973678,0.261434369685535,0.978574622898939
"gene784",3.52523501160049,-0.00474533610946563,0.0774421162359235,0.131781540484781,0.961967454981089
"gene785",33.0368089534517,0.00479106862084327,0.0768994876958396,0.618027529638298,0.978574622898939
"gene786",3.57056088668679,-0.0012911165054909,0.0771971187275124,0.737956298946967,0.978574622898939
"gene787",10.5121059180711,0.00172620123559796,0.0770376491815497,0.790751612517914,0.978574622898939
"gene788",12.9159939962526,0.00427961623737316,0.0772156135722595,0.485603606053037,0.978574622898939
"gene789",15.3161568139159,0.00038610776936009,0.0770416906124473,0.952499292242284,0.991032521757301
"gene790",189.729888265461,0.0243420340005615,0.0818153798689682,0.0746197050433017,0.961967454981089
"gene791",26.7275293246905,-0.0104470314436234,0.0776971948762488,0.286494746911131,0.978574622898939
"gene792",29.9430775490713,0.00434238215716847,0.0769380516738298,0.628665028528634,0.978574622898939
"gene793",68.8065669620903,0.0150032460181479,0.0782239384844106,0.264914703209335,0.978574622898939
"gene794",16.3041852521848,0.00440987716282676,0.0770544223238935,0.580925606306564,0.978574622898939
"gene795",16.5993059092091,-0.00836874827290408,0.0776344649180324,0.236894791595614,0.978574622898939
"gene796",5.19141441221931,0.00447519486637115,0.0773769238065111,0.261053946519376,0.978574622898939
"gene798",2.10792557458964,0.00125742719818671,0.0772283572178562,0.696034510510621,0.978574622898939
"gene799",13.3995601481607,0.00177380215190686,0.0770839011917199,0.766346930200901,0.978574622898939
"gene800",3.77988877906544,0.00515979039929717,0.0774820099405512,0.10528179199521,0.961967454981089
"gene801",44.407001704487,0.00488727791351131,0.07674699954005,0.650586714473565,0.978574622898939
"gene802",37.8321707402185,0.00378220874524094,0.0766265524789242,0.73099517015577,0.978574622898939
"gene803",15.6393989408488,-0.00335696986826818,0.0770077466919183,0.657317183381184,0.978574622898939
"gene804",11.8403413988205,-0.00447357491152145,0.0772631677632154,0.431481672967442,0.978574622898939
"gene805",2.46652006233067,0.0019924160224229,0.0772710290246378,0.469425498300738,0.978574622898939
"gene806",6.16042919791407,0.00189264375278646,0.0772003614672828,0.654842409798627,0.978574622898939
"gene807",6.13220733478752,-0.00618144190519663,0.077469646847088,0.245136150011759,0.978574622898939
"gene808",45.728802103215,0.0113130163276939,0.077574372610886,0.340696156805946,0.978574622898939
"gene809",119.899808114898,-0.0111788594116092,0.0769360087519526,0.454008598951429,0.978574622898939
"gene810",26.1058250059193,-0.00312441846178748,0.0769046816226764,0.708909391615108,0.978574622898939
"gene811",4.0488331549484,0.00159020642614017,0.0772337271242929,0.632704997337921,0.978574622898939
"gene812",171.068444353258,-0.0136765695956584,0.0771513330747034,0.407760203089965,0.978574622898939
"gene813",50.3967858000899,0.00511402604299128,0.0768355359690124,0.620223398957691,0.978574622898939
"gene814",13.4852743260188,0.00421221884847772,0.0771589803222205,0.5319787166542,0.978574622898939
"gene816",4.37635890957203,0.0032754654641447,0.0772902041269881,0.396859320501654,0.978574622898939
"gene817",14.0868210255612,-5.80756261879341e-05,0.0769159975978219,0.991210716334328,0.993349250781651
"gene818",44.1289362360371,0.00286143701814018,0.0766467042344516,0.784992052436249,0.978574622898939
"gene819",5.33741177703144,0.000997635265771693,0.0772046003004289,0.785300911424591,0.978574622898939
"gene820",1182.14343323318,-0.0130232895618938,0.07761986389473,0.342393227403052,0.978574622898939
"gene822",9.38594387400123,0.00274622930660618,0.0771144556969409,0.652946108766893,0.978574622898939
"gene823",7.11724798679333,0.00020738839125108,0.0770374638738515,0.975173360770032,0.991032521757301
"gene824",8.07261912951915,0.00461527514582881,0.0773716321290386,0.2854322628075,0.978574622898939
"gene825",8.45380895275046,0.00246256933854684,0.0770878606121321,0.693269614563556,0.978574622898939
"gene826",40.3561036529606,0.0135702086549708,0.0783333175537653,0.197337644214658,0.961967454981089
"gene827",3.28174900998243,0.00102532161537906,0.0772282978422916,0.741389037452129,0.978574622898939
"gene829",20.0907139146866,0.000723837283861395,0.0770249832350979,0.912034968978586,0.985148478679673
"gene830",13.4231744225503,-0.0079137874564875,0.0775409681830898,0.277698660760841,0.978574622898939
"gene831",12.3633282568512,0.00531788193620545,0.0772788949071876,0.416067066714728,0.978574622898939
"gene832",27.074088131166,0.00498449848584733,0.0769263132640538,0.601103352803472,0.978574622898939
"gene833",13.6735484762679,-0.0057542245488703,0.0773676952873521,0.337400830904991,0.978574622898939
"gene834",45.8711569197911,0.0088140963392676,0.0770565980682816,0.46543252964299,0.978574622898939
"gene836",2.90752448938901,0.000736447872647637,0.077201820392382,0.838360416883888,0.978574622898939
"gene837",26.62927255046,0.0111288660711813,0.0779755595554227,0.206943145123754,0.961967454981089
"gene838",5.95925988023095,0.00187937968568088,0.0771472729464057,0.712741219852401,0.978574622898939
"gene839",58.3442509919388,-0.000523596528329349,0.0764099742926824,0.96096494303811,0.991032521757301
"gene841",39.5883740151548,-0.00236815188169126,0.0765126508576752,0.82886784265725,0.978574622898939
"gene842",8.14671202696037,0.00508618448903911,0.0773406548927129,0.352000893070594,0.978574622898939
"gene843",8.90227150577261,0.00401265974874701,0.0772771515439191,0.422694750553076,0.978574622898939
"gene844",6.82078568394026,0.00156637933233108,0.0771025189566412,0.780065698799778,0.978574622898939
"gene845",16.4742033926074,-0.004313536487067,0.077143446853787,0.531687507407018,0.978574622898939
"gene846",2.11179349385566,0.00211210292912079,0.0772569758351885,0.511901064070241,0.978574622898939
"gene847",6.57985397762953,-0.000110180197948775,0.0771262707137371,0.979037975426716,0.991032521757301
"gene848",3.85947991078496,0.000813918828388299,0.0771770137274742,0.844271572489866,0.978574622898939
"gene849",59.7051414655163,-0.00994097598540737,0.0772158575959956,0.41694300916628,0.978574622898939
"gene850",56.3858565072668,-0.00631646441183319,0.0770254121958935,0.518969394759853,0.978574622898939
"gene851",3.23241426246778,9.20930419749861e-05,0.0771691068599915,0.981950967416647,0.991032521757301
"gene852",36.4153654218993,-0.0114457634621157,0.0778095648311997,0.275958340037254,0.978574622898939
"gene853",6.78709156620809,-0.000600888155393426,0.0770548835155357,0.916646768476135,0.985148478679673
"gene854",2.10013332076461,-0.00108905971391576,0.077224385435337,0.732011621512229,0.978574622898939
"gene855",36.2125503376399,0.0190599203118155,0.0801385368610943,0.0635668015952495,0.961967454981089
"gene856",10.4211201988773,0.00811808434067239,0.0777125001232189,0.159051758467187,0.961967454981089
"gene857",62.39380262292,-0.0257882744072045,0.0829870823754987,0.023794162243245,0.961967454981089
"gene858",15.8956745409934,0.0058969490231808,0.0774136783486719,0.299317510619196,0.978574622898939
"gene859",81.9021804014286,-0.0150542053671745,0.0784330186689733,0.22428654879941,0.972440787368734
"gene860",7.07536443126419,-0.00412429341184417,0.0772392455190481,0.461979631586152,0.978574622898939
"gene861",24.5170495031336,0.00841443887956244,0.077419914035164,0.356653796745989,0.978574622898939
"gene862",26.2013024648059,-0.00497241963761191,0.0771132281682836,0.525582599003472,0.978574622898939
"gene863",29.6634955308307,-0.0057959413183843,0.0771362035328456,0.490352197817014,0.978574622898939
"gene864",20.0683508928417,-0.00890967172502716,0.0775423789318391,0.307070980579687,0.978574622898939
"gene865",15.8308947399208,-0.00836835519268846,0.0775249147318555,0.302356277339742,0.978574622898939
"gene866",11.5071008495807,0.00437628406067999,0.0772371150486226,0.463785619980799,0.978574622898939
"gene867",120.458879206174,0.00915440013900617,0.0770067036376011,0.471688132064175,0.978574622898939
"gene868",41.7222637053947,0.00288437617775469,0.0765778625722005,0.79271362740731,0.978574622898939
"gene869",10.2348743710087,-0.00211088654693411,0.0771579385346748,0.672386317461262,0.978574622898939
"gene870",117.642800549819,0.00304014452580101,0.0762370490638071,0.817237220246499,0.978574622898939
"gene871",14.3827794350873,0.0191955522374948,0.0805825751698338,0.00814606571550853,0.961967454981089
"gene872",3.24617394657158,0.0015486639284214,0.0772073504272933,0.688341060031619,0.978574622898939
"gene873",30.9607469891798,-0.00738329008059466,0.077208875467491,0.435889188852747,0.978574622898939
"gene874",19.1658280049034,0.00507231477998403,0.0771898288170131,0.4841112813848,0.978574622898939
"gene875",8.74577971901517,0.00178094350641137,0.0770332883583284,0.78653958844237,0.978574622898939
"gene876",5.70536198354853,0.0052522061728226,0.0774464409261369,0.198496762956873,0.961967454981089
"gene877",2.42013777428329,-0.00147943459435889,0.0772436399859053,0.618230022347519,0.978574622898939
"gene878",127.035448405102,-0.00283197880163532,0.0762627639528579,0.821802790480933,0.978574622898939
"gene879",67.8371112063773,3.27005258264837e-05,0.0764214236328494,0.999741202982643,0.999741202982643
"gene880",4.30164627180798,-0.00597597181475106,0.0775490123373273,0.102831554217486,0.961967454981089
"gene881",1.9453504047923,0.000822054327390642,0.0772231113176026,0.792810269596497,0.978574622898939
"gene882",179.161269136704,-0.00116226344862978,0.0754885692188269,0.940824438606909,0.989147476079627
"gene883",244.855389346054,-0.00535160511626,0.0760106207623322,0.719753349830035,0.978574622898939
"gene884",5.83160477519867,-0.0010777366811032,0.0771392237432451,0.820501968798855,0.978574622898939
"gene885",3.87781852957002,0.000111495129423898,0.0771876500201015,0.978924346256751,0.991032521757301
"gene886",511.22364278513,-0.00152759901182995,0.0765981411481529,0.877646633448846,0.981989534629676
"gene887",23.8584215188764,-0.00338727746227518,0.0768767113998099,0.698955880860638,0.978574622898939
"gene888",17.5451793738695,0.000978248287694771,0.0769889504636811,0.888160363286342,0.982605405059123
"gene889",16.7119019952293,0.0110719496272137,0.0781427668705232,0.123833078268423,0.961967454981089
"gene890",112.695583910843,0.0151775500010101,0.078659062144639,0.181342046650063,0.961967454981089
"gene891",12.5031256128134,0.0034385139119953,0.0770456030892519,0.639688867958008,0.978574622898939
"gene892",167.408833418903,-0.0223347097497903,0.0804705611660463,0.145327169683287,0.961967454981089
"gene893",12.4381968200116,0.00274812476715422,0.0770661112667052,0.680868322317632,0.978574622898939
"gene894",33.973279727324,-0.00660306596026499,0.0772721613724785,0.412769452723369,0.978574622898939
"gene896",21.8270669062826,-0.0046738963041783,0.0770194022283868,0.578835360062819,0.978574622898939
"gene897",71.8313276171304,-0.00417012314021661,0.0761152073271191,0.76412070987888,0.978574622898939
"gene898",10.6336369122391,0.00829428749867728,0.0776945000367444,0.189071791038849,0.961967454981089
"gene899",112.847584132468,-0.00560850947641892,0.0761658961413801,0.695361314491364,0.978574622898939
"gene900",758.383185395297,0.0147061074415749,0.0777343540902645,0.340212735483055,0.978574622898939
"gene901",60.1916171681416,0.00937400388343786,0.0770616451944189,0.462815520737587,0.978574622898939
"gene902",9.10659641671078,0.00115484509662188,0.0771170433229178,0.826790509354449,0.978574622898939
"gene903",17.0803254515929,0.0111070154104726,0.078042574041651,0.175252066322311,0.961967454981089
"gene904",3.24150460635297,-0.000761560911246824,0.0771708469021612,0.853492063445308,0.978574622898939
"gene905",269.15364071217,0.00216909450214389,0.0760678211473618,0.876339709594338,0.981989534629676
"gene907",21.1457056860674,0.0056236974039666,0.077187005130046,0.474363067078139,0.978574622898939
"gene908",18.4238159689843,0.00497655653539373,0.0771683346774613,0.499793955944718,0.978574622898939
"gene909",25.4535579829956,-0.0113118974027572,0.0779625665649653,0.218378460155942,0.972440787368734
"gene911",14.8109686980712,-0.00149076672056052,0.0769886018921114,0.826315673864439,0.978574622898939
"gene912",15.8763043920061,0.00320785480941968,0.0770575177081492,0.650284213161341,0.978574622898939
"gene913",96.504236258299,0.00728047093522219,0.0765694612734698,0.590496658657225,0.978574622898939
"gene914",23.7545910967532,-0.00863585459115489,0.0774729037794241,0.334043862136572,0.978574622898939
"gene915",61.1136556089597,-0.00466306187986537,0.0766379801380307,0.677476455662543,0.978574622898939
"gene916",4.87222589083777,0.0032924414972102,0.0772329211295152,0.49901069536609,0.978574622898939
"gene917",10.5115850895168,0.00247236041756391,0.0770687396542777,0.703139003739169,0.978574622898939
"gene918",26.8684610859849,-0.00643429995242964,0.0771437071729338,0.473696281477946,0.978574622898939
"gene919",20.9563224908121,0.00412496944264766,0.0770550971677668,0.595004922212129,0.978574622898939
"gene920",5.54183184236669,0.00754409963690443,0.0777221713242849,0.0820361269898877,0.961967454981089
"gene921",96.8564803870794,-0.00443142042378885,0.0767118253571692,0.676097053770328,0.978574622898939
"gene922",5.25437650492333,0.00466881314636555,0.0773910294427092,0.248213063763477,0.978574622898939
"gene923",3.41125340083927,-0.000850220558261995,0.0772772119242699,0.506213027592617,0.978574622898939
"gene924",32.8384644114384,-0.00384628600141084,0.0767636370970631,0.697463195861854,0.978574622898939
"gene925",45.7907843362937,-0.0127534567216105,0.0782514139643628,0.183389338774939,0.961967454981089
"gene926",50.3618816204071,-0.0109094199920375,0.0777568412945075,0.278563632591995,0.978574622898939
"gene927",3.73114563302142,0.000403815809551357,0.0771736894850863,0.922975246916848,0.986701961318472
"gene928",12.8998659873757,0.0025152421445708,0.0770388695762967,0.714000622065321,0.978574622898939
"gene929",1.6154633903267,-0.00141906000262065,0.0772545243152903,0.589814794643673,0.978574622898939
"gene930",44.8213974055007,7.13361507924058e-05,0.0765724554659184,0.997494075566729,0.998568961424021
"gene931",25.0163661683807,0.000798918831710005,0.0768102613522431,0.927879400398787,0.988010140059542
"gene932",43.161593391172,0.00518913943271364,0.0769279280079775,0.592529909183231,0.978574622898939
"gene933",35.094832348477,-0.0119676742143613,0.0779568524060268,0.245941660202237,0.978574622898939
"gene934",5.59922696214974,0.00798713260217555,0.0778024181202843,0.0539041587875362,0.961967454981089
"gene935",18.4832489267653,-2.56112199508688,0.889608406456998,0.000137526051972631,0.127761702282574
"gene936",1.6362551646037,4.54654653931839e-05,0.0772444669776001,0.985654149403416,0.991032521757301
"gene937",38.1320784771119,-0.0127257457445596,0.0779922349138645,0.25878420991783,0.978574622898939
"gene938",38.624869717235,0.00583954122798665,0.0771212900639898,0.50064315603166,0.978574622898939
"gene939",10.2270313225569,0.000973492251511278,0.0770975851853189,0.860307305570945,0.979757847018461
"gene940",4.21883837935887,0.00244574953387158,0.0772790780133157,0.428466056747223,0.978574622898939
"gene942",2.41329389687279,-0.0031586982918401,0.0773396230451618,0.21488466642796,0.972440787368734
"gene943",83.9582990452677,-0.0189291433199229,0.0794542025337108,0.168480371913284,0.961967454981089
"gene944",8.72013171300146,-0.00186703422765933,0.0770495849596073,0.766485536541901,0.978574622898939
"gene946",25.2036351300447,-0.000668541043396329,0.076623657752712,0.944322681481321,0.989147476079627
"gene948",12.5559849269619,-0.00286005893123658,0.0770242683990189,0.686823078031258,0.978574622898939
"gene949",72.9707009406849,-0.00474043085889574,0.0764175072236031,0.706226643132473,0.978574622898939
"gene950",6.49141239585067,0.000106286541495826,0.0771178617820649,0.985698654578844,0.991032521757301
"gene951",76.6983132931427,-0.0100702980110075,0.0770541245913353,0.44753874757775,0.978574622898939
"gene952",213.1994750451,0.0128160125342007,0.0772802932881619,0.39706604539476,0.978574622898939
"gene953",2.58014539374495,-0.000473047333282271,0.0772190932321703,0.87761839172284,0.981989534629676
"gene954",1.76996313522637,-0.000793948988953042,0.0772438964113494,0.751650972349392,0.978574622898939
"gene955",3.04829432472464,-0.00330391102435237,0.0773016503712897,0.364487647593443,0.978574622898939
"gene956",31.8964374829959,0.00967368597910478,0.0775962650244643,0.307390110523528,0.978574622898939
"gene957",50.3219150119846,-0.00529970670016165,0.0766641450687159,0.643295717035389,0.978574622898939
"gene958",92.303947664905,0.0152404180386017,0.0786103405281307,0.194669614509861,0.961967454981089
"gene959",83.5621038650778,-0.0146610748616033,0.0782167023684616,0.257377758722044,0.978574622898939
"gene960",69.7426882742251,0.00581063506253489,0.07642047349471,0.662920427746855,0.978574622898939
"gene961",71.2443022135904,-0.00713728970644046,0.0767180268572214,0.566292047787799,0.978574622898939
"gene962",14.9889609890071,0.0106692102393427,0.077987235572445,0.174016402852978,0.961967454981089
"gene963",7.29563920577026,-0.00233265585296314,0.0771204214263819,0.680201711221544,0.978574622898939
"gene964",3.72733619719264,0.00269506147153753,0.077268433019403,0.454717778450504,0.978574622898939
"gene965",30.8022875044806,-0.00832837779156453,0.0775198453477269,0.304707181424291,0.978574622898939
"gene966",179.697566023391,-0.00568466773683658,0.0762300592149814,0.686740041855788,0.978574622898939
"gene967",176.817895381641,0.0133478006697867,0.0778779247322337,0.301183614409701,0.978574622898939
"gene969",2.10749773024702,0.00196104419975634,0.0772559828534947,0.527018706638836,0.978574622898939
"gene970",148.35198461435,0.030351781176093,0.0850176629222222,0.0339496932169101,0.961967454981089
"gene971",3.40249045920356,0.00174860127471734,0.0772164044215966,0.64628453735891,0.978574622898939
"gene972",3.3706579958879,-0.00686641641504248,0.077669773191687,0.0532371768266916,0.961967454981089
"gene973",35.3331644068403,-0.000180229120843373,0.0766219935101238,0.982990329155982,0.991032521757301
"gene974",177.118285478044,0.00522378266176342,0.0766918003727661,0.646965811095734,0.978574622898939
"gene975",256.096785726627,-0.0088213215172797,0.0763256628488734,0.571892413392868,0.978574622898939
"gene976",31.6808783796575,0.00206400334359086,0.0766894283532001,0.83522279890761,0.978574622898939
"gene977",48.3280846848173,0.0169533524170739,0.0794845069325331,0.0778228609227257,0.961967454981089
"gene978",28.5196605407075,-0.0122849317157512,0.0781112787923783,0.208137090802782,0.961967454981089
"gene979",18.6113700025739,0.00500492856470913,0.0771455311037155,0.512318916346518,0.978574622898939
"gene981",33.7947577136278,-0.00187623086281304,0.0768370760954354,0.822403998227739,0.978574622898939
"gene982",11.0419084654905,0.00347933391399404,0.0771147990561031,0.599118582113461,0.978574622898939
"gene983",57.7477974095353,-0.00908127125522652,0.0770483242487613,0.460295689999539,0.978574622898939
"gene984",5.49565113018968,0.00144959454088691,0.0771546626442758,0.761574395846464,0.978574622898939
"gene986",111.311233292156,-0.015848010988676,0.0781344704550403,0.291913362405848,0.978574622898939
"gene987",19.4888220113715,-0.00967993510113698,0.0778219757924926,0.198209146755745,0.961967454981089
"gene988",1834.42602710309,0.0196138630833991,0.0791224816468734,0.223516784320583,0.972440787368734
"gene989",67.3549528800356,-0.00511655361832772,0.0767274893732265,0.639145458448629,0.978574622898939
"gene990",59.5835367992867,0.00255548568850788,0.0764929890602817,0.823531810850557,0.978574622898939
"gene991",38.9254004765982,-0.00394244922710072,0.0768770579073118,0.6642156228014,0.978574622898939
"gene992",5.62994354058951,0.000907293792950358,0.0771637364121251,0.837941694830916,0.978574622898939
"gene993",6.49941157536574,0.00943730175696577,0.0779857359518155,0.0670701778263141,0.961967454981089
"gene994",77.8364981346618,0.00364046164528974,0.0765801286468571,0.746635360721856,0.978574622898939
"gene995",55.2200568611278,-0.00681977980422154,0.0768835206183781,0.542295490650076,0.978574622898939
"gene996",38.7674770315655,-0.00486344200794421,0.0768507672373468,0.623159573178946,0.978574622898939
"gene997",2.62276118449638,0.000583781540844804,0.0772268314127715,0.845369156956726,0.978574622898939
"gene998",153.334526246759,0.00580643255489769,0.0767157963756784,0.617747639548868,0.978574622898939
"gene1000",7.73447500389032,-0.00468796253868379,0.0772797389884132,0.412701096457866,0.978574622898939
